,video,short-term,long-term
0,video7494.webm,0.8334334,0.7513606
1,video7495.webm,0.833477,0.7514356
2,video7496.webm,0.8651202,0.78835744
3,video7497.webm,0.84572625,0.76615435
4,video7498.webm,0.8343747,0.7526206
5,video7499.webm,0.85628206,0.77927536
6,video7500.webm,0.8364819,0.75499266
7,video7502.webm,0.85104847,0.7723123
8,video7503.webm,0.86618084,0.7895962
9,video7504.webm,0.8624824,0.78580284
10,video7505.webm,0.84014916,0.75893503
11,video7506.webm,0.83301896,0.75082856
12,video7507.webm,0.8392524,0.75878805
13,video7508.webm,0.84370065,0.76371586
14,video7510.webm,0.8378675,0.75707537
15,video7511.webm,0.87576324,0.80022013
16,video7513.webm,0.85829115,0.7800086
17,video7515.webm,0.87237763,0.7962456
18,video7516.webm,0.90481293,0.83481634
19,video7517.webm,0.84585077,0.76716524
20,video7518.webm,0.8618833,0.78502214
21,video7519.webm,0.8569019,0.7807859
22,video7520.webm,0.85458434,0.77653235
23,video7521.webm,0.8420204,0.76219374
24,video7522.webm,0.85912406,0.7806039
25,video7523.webm,0.86426413,0.78748673
26,video7524.webm,0.8639613,0.78625184
27,video7525.webm,0.8545832,0.7756101
28,video7526.webm,0.8470777,0.76766986
29,video7527.webm,0.8491339,0.76956266
30,video7528.webm,0.83940333,0.7582027
31,video7530.webm,0.87153375,0.79667395
32,video7531.webm,0.85524267,0.77602786
33,video7532.webm,0.83804137,0.7571373
34,video7533.webm,0.90425175,0.8347663
35,video7534.webm,0.88345486,0.80986655
36,video7535.webm,0.844911,0.7647726
37,video7536.webm,0.8360517,0.75478345
38,video7538.webm,0.84753555,0.7678714
39,video7539.webm,0.8495893,0.76946294
40,video7540.webm,0.8487107,0.76927906
41,video7541.webm,0.83682233,0.75524956
42,video7542.webm,0.8925473,0.8199911
43,video7543.webm,0.83301896,0.75082856
44,video7544.webm,0.8756084,0.8013333
45,video7545.webm,0.87415904,0.79916394
46,video7546.webm,0.85774696,0.7787884
47,video7548.webm,0.85384077,0.77510715
48,video7549.webm,0.8632124,0.78840566
49,video7550.webm,0.86383736,0.78530437
50,video7552.webm,0.83460337,0.7523132
51,video7554.webm,0.8570707,0.77914965
52,video7555.webm,0.86734265,0.79078066
53,video7556.webm,0.8371866,0.7562089
54,video7558.webm,0.83301896,0.75082856
55,video7560.webm,0.85388803,0.7748105
56,video7562.webm,0.83301896,0.75082856
57,video7563.webm,0.8659732,0.7899755
58,video7565.webm,0.84972036,0.77148384
59,video7566.webm,0.8565371,0.7783319
60,video7567.webm,0.8345835,0.75257987
61,video7568.webm,0.834968,0.75267327
62,video7569.webm,0.84237874,0.7619733
63,video7571.webm,0.84449357,0.7650881
64,video7572.webm,0.8556963,0.77710736
65,video7573.webm,0.8466,0.76719517
66,video7574.webm,0.8549877,0.77857673
67,video7575.webm,0.83639973,0.7551311
68,video7576.webm,0.83329,0.75118643
69,video7578.webm,0.8501292,0.77151287
70,video7579.webm,0.84907496,0.7702355
71,video7580.webm,0.8398285,0.75830275
72,video7581.webm,0.83681756,0.7557396
73,video7582.webm,0.841001,0.7603481
74,video7584.webm,0.84887743,0.7698321
75,video7585.webm,0.86249155,0.7853786
76,video7587.webm,0.83420354,0.7523838
77,video7588.webm,0.85343915,0.7746067
78,video7589.webm,0.85147387,0.77269775
79,video7590.webm,0.867866,0.79090303
80,video7591.webm,0.88294864,0.8076066
81,video7592.webm,0.8509089,0.7708247
82,video7593.webm,0.83325994,0.75113136
83,video7596.webm,0.8693512,0.79369485
84,video7597.webm,0.8771703,0.80340713
85,video7598.webm,0.8538836,0.7771275
86,video7599.webm,0.86163694,0.783663
87,video7600.webm,0.9006221,0.8312644
88,video7602.webm,0.85576344,0.7777018
89,video7603.webm,0.8453882,0.76540536
90,video7604.webm,0.90276605,0.83185124
91,video7605.webm,0.8951769,0.8223131
92,video7606.webm,0.83399767,0.7517476
93,video7607.webm,0.8385001,0.7574053
94,video7608.webm,0.8716688,0.7985952
95,video7609.webm,0.83794373,0.7564935
96,video7610.webm,0.8906743,0.8184099
97,video7611.webm,0.8800622,0.8052782
98,video7612.webm,0.85934407,0.78226054
99,video7613.webm,0.85133255,0.773018
100,video7614.webm,0.8518538,0.77220017
101,video7615.webm,0.8461594,0.76590425
102,video7616.webm,0.8335633,0.7515499
103,video7617.webm,0.85018706,0.7719214
104,video7618.webm,0.8511159,0.77169234
105,video7619.webm,0.83785874,0.75627625
106,video7621.webm,0.8460766,0.76586324
107,video7624.webm,0.8332739,0.7511663
108,video7625.webm,0.8337277,0.75149554
109,video7626.webm,0.8544822,0.77550054
110,video7627.webm,0.87283224,0.7974041
111,video7628.webm,0.84942603,0.7698576
112,video7629.webm,0.8501453,0.770472
113,video7631.webm,0.85138077,0.77438426
114,video7632.webm,0.87510526,0.80060965
115,video7633.webm,0.86757433,0.7930338
116,video7634.webm,0.89882916,0.8274329
117,video7635.webm,0.8513115,0.7725913
118,video7636.webm,0.83597076,0.7546931
119,video7637.webm,0.876081,0.8002838
120,video7638.webm,0.852742,0.7750538
121,video7640.webm,0.8360517,0.75478345
122,video7641.webm,0.8475695,0.7677422
123,video7642.webm,0.8353679,0.75368553
124,video7643.webm,0.85934496,0.78190863
125,video7644.webm,0.8720641,0.7971795
126,video7646.webm,0.87064624,0.7947053
127,video7647.webm,0.8491783,0.77064306
128,video7648.webm,0.85192263,0.7738731
129,video7649.webm,0.8869166,0.812814
130,video7650.webm,0.84809786,0.76824355
131,video7651.webm,0.86336577,0.78530777
132,video7652.webm,0.8443548,0.7641135
133,video7654.webm,0.8458352,0.76522905
134,video7655.webm,0.8397542,0.75816166
135,video7656.webm,0.83909655,0.7580374
136,video7657.webm,0.8355264,0.75372535
137,video7659.webm,0.8382815,0.7571038
138,video7660.webm,0.87391096,0.7999256
139,video7661.webm,0.8337869,0.75174105
140,video7662.webm,0.83800924,0.7567085
141,video7664.webm,0.85293555,0.7737911
142,video7665.webm,0.8600137,0.78205776
143,video7667.webm,0.8405485,0.7595885
144,video7669.webm,0.85416967,0.7760219
145,video7670.webm,0.8469673,0.7672156
146,video7671.webm,0.8373286,0.7558585
147,video7672.webm,0.87163436,0.79715997
148,video7673.webm,0.8905757,0.81819654
149,video7674.webm,0.8572481,0.7797437
150,video7675.webm,0.9295573,0.8662945
151,video7676.webm,0.87667006,0.80108845
152,video7677.webm,0.83301896,0.75082856
153,video7678.webm,0.8617425,0.7867745
154,video7679.webm,0.84527445,0.7654982
155,video7680.webm,0.8568798,0.779286
156,video7681.webm,0.8368787,0.75579035
157,video7682.webm,0.85792655,0.78074
158,video7683.webm,0.8808038,0.80592626
159,video7686.webm,0.83579063,0.7544144
160,video7687.webm,0.8670032,0.7911324
161,video7688.webm,0.83301896,0.75082856
162,video7689.webm,0.83301896,0.75082856
163,video7690.webm,0.84137803,0.7613522
164,video7691.webm,0.85761535,0.78060013
165,video7692.webm,0.8364328,0.75463486
166,video7694.webm,0.8817119,0.80490845
167,video7696.webm,0.86804587,0.7914204
168,video7697.webm,0.854841,0.77634275
169,video7698.webm,0.8554614,0.7771486
170,video7699.webm,0.844007,0.76375437
171,video7701.webm,0.8753901,0.80016804
172,video7702.webm,0.8698654,0.793233
173,video7703.webm,0.83301896,0.75082856
174,video7704.webm,0.83301896,0.75082856
175,video7705.webm,0.8404245,0.7600456
176,video7706.webm,0.85720843,0.7782163
177,video7707.webm,0.83595073,0.7541183
178,video7710.webm,0.88254905,0.80824757
179,video7711.webm,0.8551522,0.77509916
180,video7713.webm,0.8402524,0.7603179
181,video7714.webm,0.83301896,0.75082856
182,video7715.webm,0.8339042,0.7520017
183,video7716.webm,0.8470919,0.7669928
184,video7717.webm,0.8847701,0.8124836
185,video7718.webm,0.8586285,0.78103083
186,video7719.webm,0.87805724,0.80316156
187,video7720.webm,0.8692787,0.7928238
188,video7721.webm,0.84430474,0.76453334
189,video7722.webm,0.89882874,0.8274565
190,video7723.webm,0.8363118,0.7545778
191,video7724.webm,0.8974417,0.8265296
192,video7725.webm,0.8580734,0.7792757
193,video7726.webm,0.8558265,0.7788674
194,video7728.webm,0.8803411,0.8081933
195,video7729.webm,0.8451193,0.76447713
196,video7731.webm,0.87751746,0.8018303
197,video7732.webm,0.856739,0.7780166
198,video7736.webm,0.8689466,0.79452163
199,video7737.webm,0.85579574,0.7776716
200,video7738.webm,0.856514,0.77978766
201,video7739.webm,0.8487355,0.76980627
202,video7740.webm,0.86200035,0.78718674
203,video7741.webm,0.8442534,0.764483
204,video7742.webm,0.8896542,0.8148054
205,video7743.webm,0.8408828,0.76043075
206,video7745.webm,0.83958536,0.75844437
207,video7746.webm,0.8344632,0.75266945
208,video7748.webm,0.85415304,0.7755382
209,video7749.webm,0.8488168,0.7693404
210,video7751.webm,0.8588163,0.7836149
211,video7752.webm,0.8407834,0.7600863
212,video7753.webm,0.8561598,0.77824974
213,video7754.webm,0.8410699,0.75987977
214,video7756.webm,0.846344,0.7677205
215,video7757.webm,0.8828175,0.80936956
216,video7758.webm,0.84069043,0.75958645
217,video7759.webm,0.8591332,0.7819698
218,video7760.webm,0.8666818,0.79105216
219,video7761.webm,0.8568556,0.77789795
220,video7762.webm,0.85786223,0.7797003
221,video7763.webm,0.8390343,0.7580889
222,video7769.webm,0.87787044,0.8023539
223,video7770.webm,0.84480625,0.7652657
224,video7771.webm,0.847211,0.7671398
225,video7772.webm,0.87675387,0.79984546
226,video7773.webm,0.867663,0.7928945
227,video7774.webm,0.86868876,0.79240125
228,video7775.webm,0.84323627,0.76284057
229,video7777.webm,0.834821,0.75303614
230,video7780.webm,0.8454517,0.76612025
231,video7782.webm,0.8686419,0.791867
232,video7783.webm,0.8444177,0.7640159
233,video7784.webm,0.8346129,0.7528377
234,video7785.webm,0.8446577,0.76495713
235,video7786.webm,0.8504733,0.77152085
236,video7787.webm,0.8435664,0.7631641
237,video7788.webm,0.86419535,0.7872787
238,video7789.webm,0.8589902,0.7813577
239,video7792.webm,0.8535518,0.7741544
240,video7793.webm,0.83301896,0.75082856
241,video7795.webm,0.84965324,0.77087533
242,video7799.webm,0.84661984,0.766657
243,video7800.webm,0.83301896,0.75082856
244,video7801.webm,0.83539104,0.7531712
245,video7802.webm,0.844678,0.7647659
246,video7803.webm,0.8350275,0.75296503
247,video7804.webm,0.84160805,0.7609678
248,video7805.webm,0.8340714,0.7522232
249,video7806.webm,0.85613877,0.7773694
250,video7807.webm,0.8681124,0.7923226
251,video7808.webm,0.888455,0.81495404
252,video7809.webm,0.8496981,0.7704426
253,video7811.webm,0.8654549,0.7900705
254,video7812.webm,0.84393185,0.7630103
255,video7813.webm,0.85206515,0.7735668
256,video7815.webm,0.86114573,0.78431666
257,video7816.webm,0.8425202,0.76238644
258,video7817.webm,0.8543275,0.7755139
259,video7818.webm,0.8753261,0.8014181
260,video7819.webm,0.8456898,0.76604927
261,video7820.webm,0.83301896,0.75082856
262,video7821.webm,0.84546566,0.7651921
263,video7822.webm,0.84765095,0.767951
264,video7823.webm,0.85564935,0.77873164
265,video7824.webm,0.864651,0.78788245
266,video7825.webm,0.86855626,0.793032
267,video7826.webm,0.86523557,0.7901278
268,video7828.webm,0.8722175,0.79488397
269,video7830.webm,0.87559444,0.8021919
270,video7831.webm,0.8871642,0.81404465
271,video7832.webm,0.8489762,0.7692567
272,video7833.webm,0.8577321,0.7807851
273,video7834.webm,0.8342185,0.75236046
274,video7835.webm,0.83301896,0.75082856
275,video7837.webm,0.84776145,0.7693015
276,video7838.webm,0.8752375,0.80067754
277,video7839.webm,0.83907,0.7581267
278,video7840.webm,0.83301896,0.75082856
279,video7841.webm,0.85098255,0.7713886
280,video7842.webm,0.8578154,0.77838796
281,video7844.webm,0.8342495,0.7524592
282,video7846.webm,0.84369534,0.7629719
283,video7848.webm,0.8334927,0.7514699
284,video7849.webm,0.8533464,0.7748187
285,video7851.webm,0.8655383,0.78909355
286,video7852.webm,0.84641707,0.7665211
287,video7853.webm,0.84854996,0.76828283
288,video7854.webm,0.8553391,0.77640736
289,video7856.webm,0.8452945,0.7653327
290,video7858.webm,0.87645686,0.8026708
291,video7861.webm,0.9167061,0.84734005
292,video7862.webm,0.8827466,0.810845
293,video7863.webm,0.8381798,0.7571169
294,video7865.webm,0.8751393,0.8003851
295,video7867.webm,0.8381816,0.75625116
296,video7868.webm,0.8444975,0.76516205
297,video7869.webm,0.86267936,0.7870474
298,video7872.webm,0.8458895,0.76615703
299,video7873.webm,0.8688637,0.7930017
300,video7874.webm,0.8476301,0.76680535
301,video7875.webm,0.86658823,0.79038894
302,video7878.webm,0.8968529,0.82626426
303,video7879.webm,0.8442677,0.7649354
304,video7880.webm,0.83301896,0.75082856
305,video7883.webm,0.8650863,0.78988844
306,video7884.webm,0.8426594,0.7626301
307,video7885.webm,0.8618062,0.78614414
308,video7886.webm,0.8875907,0.81463814
309,video7887.webm,0.86643946,0.79002416
310,video7888.webm,0.8537968,0.77693355
311,video7889.webm,0.8770298,0.8020059
312,video7890.webm,0.83329326,0.7511904
313,video7891.webm,0.8686326,0.79256475
314,video7892.webm,0.89363897,0.81728905
315,video7893.webm,0.860054,0.783321
316,video7894.webm,0.8763676,0.7997543
317,video7895.webm,0.844039,0.76398003
318,video7896.webm,0.8931483,0.82146716
319,video7897.webm,0.88339514,0.8084379
320,video7898.webm,0.8865544,0.81441414
321,video7899.webm,0.882037,0.807523
322,video7901.webm,0.88753116,0.81419754
323,video7902.webm,0.83301896,0.75082856
324,video7903.webm,0.83301896,0.75082856
325,video7904.webm,0.8567828,0.77907044
326,video7906.webm,0.8482312,0.7693622
327,video7907.webm,0.83301896,0.75082856
328,video7908.webm,0.85624415,0.7797182
329,video7909.webm,0.8470191,0.7682035
330,video7910.webm,0.83313006,0.7509719
331,video7912.webm,0.83301896,0.75082856
332,video7913.webm,0.8393171,0.75812024
333,video7915.webm,0.8461226,0.76645577
334,video7916.webm,0.8612714,0.78382885
335,video7917.webm,0.8552114,0.7776028
336,video7918.webm,0.86211926,0.7852611
337,video7919.webm,0.84102476,0.7601144
338,video7920.webm,0.8671206,0.7903355
339,video7921.webm,0.83485967,0.753174
340,video7923.webm,0.8369373,0.75579274
341,video7925.webm,0.8376172,0.7567489
342,video7926.webm,0.8764714,0.8032637
343,video7927.webm,0.8393183,0.7586213
344,video7928.webm,0.8557203,0.7764651
345,video7929.webm,0.8452107,0.7655028
346,video7930.webm,0.8778705,0.80368626
347,video7931.webm,0.8569783,0.77784824
348,video7933.webm,0.83993524,0.759063
349,video7935.webm,0.8497752,0.7704363
350,video7936.webm,0.8352606,0.7529722
351,video7939.webm,0.88054526,0.80753696
352,video7940.webm,0.8500757,0.77074265
353,video7941.webm,0.84977543,0.77053547
354,video7942.webm,0.88345885,0.8119811
355,video7944.webm,0.844679,0.7644429
356,video7945.webm,0.86117405,0.783875
357,video7946.webm,0.8521619,0.7740786
358,video7947.webm,0.83301896,0.75082856
359,video7948.webm,0.86579216,0.7918715
360,video7951.webm,0.86782634,0.7912865
361,video7952.webm,0.8601402,0.78221595
362,video7953.webm,0.8432065,0.76263916
363,video7954.webm,0.88408107,0.81231636
364,video7955.webm,0.8591152,0.7816223
365,video7956.webm,0.8604021,0.7838027
366,video7957.webm,0.8387942,0.7567618
367,video7958.webm,0.8383731,0.7571856
368,video7959.webm,0.8441602,0.7629276
369,video7961.webm,0.8542383,0.77530825
370,video7962.webm,0.8377539,0.75679505
371,video7963.webm,0.8846137,0.8099007
372,video7964.webm,0.83301896,0.75082856
373,video7967.webm,0.8801085,0.80609
374,video7969.webm,0.83301896,0.75082856
375,video7970.webm,0.8508763,0.7717704
376,video7972.webm,0.8349981,0.7530366
377,video7973.webm,0.8525612,0.77454627
378,video7975.webm,0.84720844,0.76846987
379,video7976.webm,0.85626256,0.7780388
380,video7977.webm,0.84592164,0.7665552
381,video7980.webm,0.8393056,0.75713164
382,video7981.webm,0.8604476,0.7830946
383,video7983.webm,0.8823122,0.80814314
384,video7984.webm,0.84888434,0.77006876
385,video7985.webm,0.8445262,0.7658231
386,video7986.webm,0.8860344,0.8131852
387,video7987.webm,0.86728173,0.79145205
388,video7988.webm,0.8423031,0.7622831
389,video7990.webm,0.84642786,0.76692885
390,video7991.webm,0.8585022,0.7812117
391,video7992.webm,0.8533697,0.77569646
392,video7993.webm,0.83579063,0.7544144
393,video7994.webm,0.84269726,0.7625249
394,video7995.webm,0.85846,0.7808625
395,video7996.webm,0.8576559,0.77878296
396,video7997.webm,0.8587176,0.7806891
397,video7998.webm,0.8407834,0.7600863
398,video7999.webm,0.84863836,0.7683179
399,video8000.webm,0.83519983,0.7533503
400,video8001.webm,0.8426547,0.76305765
401,video8002.webm,0.8435502,0.76424694
402,video8004.webm,0.8528099,0.77450794
403,video8008.webm,0.88408107,0.81231636
404,video8009.webm,0.8377539,0.75679505
405,video8010.webm,0.8674354,0.7920771
406,video8012.webm,0.843492,0.76266897
407,video8013.webm,0.83384955,0.75168145
408,video8014.webm,0.8771631,0.8020258
409,video8015.webm,0.85564625,0.77873266
410,video8016.webm,0.89088446,0.81649816
411,video8018.webm,0.8358797,0.753785
412,video8019.webm,0.83301896,0.75082856
413,video8021.webm,0.8336169,0.75159204
414,video8022.webm,0.8384222,0.7574445
415,video8023.webm,0.8375773,0.7563105
416,video8024.webm,0.8469656,0.76673734
417,video8026.webm,0.84790367,0.76899403
418,video8027.webm,0.8558265,0.7788674
419,video8028.webm,0.83404577,0.7521893
420,video8029.webm,0.8603139,0.7834209
421,video8030.webm,0.83301896,0.75082856
422,video8032.webm,0.8592479,0.7817486
423,video8033.webm,0.8539293,0.7763135
424,video8035.webm,0.8679499,0.7912474
425,video8036.webm,0.85262465,0.77389383
426,video8037.webm,0.86755353,0.7904078
427,video8038.webm,0.84533924,0.76526445
428,video8040.webm,0.86511797,0.78909934
429,video8041.webm,0.87010556,0.7925756
430,video8042.webm,0.8845666,0.811957
431,video8043.webm,0.8630136,0.78467506
432,video8044.webm,0.8428059,0.7632505
433,video8045.webm,0.8707062,0.7967705
434,video8047.webm,0.8935917,0.82171714
435,video8048.webm,0.83660257,0.75528204
436,video8049.webm,0.83615255,0.754784
437,video8050.webm,0.8800425,0.8049957
438,video8051.webm,0.848491,0.7684746
439,video8052.webm,0.84201276,0.76103467
440,video8054.webm,0.86680853,0.78956974
441,video8056.webm,0.85475796,0.7768514
442,video8057.webm,0.8575325,0.7788936
443,video8058.webm,0.8675789,0.7929818
444,video8059.webm,0.83301896,0.75082856
445,video8060.webm,0.85682565,0.7783614
446,video8061.webm,0.8385416,0.757597
447,video8062.webm,0.833838,0.75191456
448,video8063.webm,0.8459437,0.76594037
449,video8064.webm,0.89337194,0.82117814
450,video8065.webm,0.84442794,0.7641016
451,video8066.webm,0.8420707,0.7617683
452,video8067.webm,0.8432435,0.7631454
453,video8068.webm,0.8628454,0.78603345
454,video8069.webm,0.83915067,0.757988
455,video8071.webm,0.8428811,0.76287246
456,video8072.webm,0.85809654,0.78078485
457,video8073.webm,0.86818755,0.79211426
458,video8074.webm,0.84191567,0.7618953
459,video8075.webm,0.86632067,0.7890442
460,video8076.webm,0.8523507,0.77313876
461,video8077.webm,0.84675777,0.7677209
462,video8078.webm,0.89066833,0.8168574
463,video8079.webm,0.84877366,0.7703079
464,video8080.webm,0.87083405,0.7968745
465,video8081.webm,0.8591232,0.7829343
466,video8082.webm,0.83473825,0.7526701
467,video8084.webm,0.83344054,0.7513993
468,video8085.webm,0.83718336,0.7558044
469,video8086.webm,0.84416527,0.76500225
470,video8087.webm,0.8461144,0.76598316
471,video8088.webm,0.84314585,0.763254
472,video8089.webm,0.8623926,0.7842173
473,video8090.webm,0.83301896,0.75082856
474,video8091.webm,0.87366027,0.798152
475,video8092.webm,0.8629128,0.78677803
476,video8095.webm,0.8887514,0.8157311
477,video8096.webm,0.8642908,0.7878686
478,video8097.webm,0.84669876,0.7673746
479,video8098.webm,0.85224754,0.77413726
480,video8100.webm,0.83653194,0.75488365
481,video8101.webm,0.83742136,0.7562957
482,video8102.webm,0.8419771,0.76176125
483,video8103.webm,0.85694325,0.7790249
484,video8104.webm,0.8432322,0.76279974
485,video8105.webm,0.83327734,0.7511784
486,video8108.webm,0.8629015,0.7865333
487,video8109.webm,0.87559444,0.8021919
488,video8110.webm,0.8453418,0.76487947
489,video8111.webm,0.8439666,0.7635621
490,video8112.webm,0.86224824,0.7827858
491,video8113.webm,0.8718434,0.79546815
492,video8114.webm,0.8459,0.7670654
493,video8115.webm,0.84754616,0.7672875
494,video8118.webm,0.8349327,0.7533233
495,video8120.webm,0.8493954,0.77036315
496,video8121.webm,0.9033572,0.8334024
497,video8122.webm,0.8774931,0.8030901
498,video8123.webm,0.8406485,0.75901735
499,video8124.webm,0.87578005,0.8009019
500,video8126.webm,0.84748316,0.76711965
501,video8127.webm,0.8485029,0.7686349
502,video8128.webm,0.84173864,0.7609449
503,video8131.webm,0.8827466,0.810845
504,video8132.webm,0.8342566,0.75246865
505,video8134.webm,0.84471625,0.7641371
506,video8136.webm,0.83689463,0.75522095
507,video8137.webm,0.838806,0.7582923
508,video8138.webm,0.85366094,0.7754508
509,video8140.webm,0.86899346,0.7917591
510,video8142.webm,0.83385944,0.7518923
511,video8145.webm,0.8490452,0.7698379
512,video8146.webm,0.8656001,0.78914446
513,video8147.webm,0.8536374,0.7766516
514,video8149.webm,0.83612794,0.7546825
515,video8150.webm,0.8434274,0.76272506
516,video8151.webm,0.8606434,0.78381115
517,video8152.webm,0.8699679,0.7930224
518,video8153.webm,0.8500351,0.7714783
519,video8155.webm,0.8621887,0.7847544
520,video8156.webm,0.89408046,0.8222393
521,video8157.webm,0.86121017,0.78334725
522,video8158.webm,0.8456367,0.76613367
523,video8159.webm,0.8436184,0.7639604
524,video8161.webm,0.854733,0.7758933
525,video8162.webm,0.84751946,0.76810235
526,video8163.webm,0.8517603,0.77394414
527,video8165.webm,0.86751956,0.7922302
528,video8166.webm,0.8557203,0.7764651
529,video8167.webm,0.8446486,0.76522785
530,video8168.webm,0.84211963,0.7624976
531,video8169.webm,0.87719357,0.8015103
532,video8170.webm,0.85682565,0.7783614
533,video8171.webm,0.8693807,0.79486644
534,video8172.webm,0.8750775,0.8019985
535,video8174.webm,0.8415096,0.7609484
536,video8175.webm,0.8480775,0.7695744
537,video8178.webm,0.84230804,0.7626132
538,video8179.webm,0.8610891,0.7838098
539,video8180.webm,0.8519609,0.77389485
540,video8181.webm,0.8613033,0.7859909
541,video8182.webm,0.83301896,0.75082856
542,video8184.webm,0.89363897,0.81728905
543,video8185.webm,0.8603874,0.781805
544,video8186.webm,0.846,0.7669679
545,video8187.webm,0.8351686,0.75367725
546,video8188.webm,0.9109359,0.84149307
547,video8189.webm,0.847194,0.7682452
548,video8190.webm,0.8648106,0.7891477
549,video8191.webm,0.8512223,0.7723129
550,video8192.webm,0.8430873,0.7630452
551,video8193.webm,0.8540242,0.77613074
552,video8194.webm,0.8901854,0.8172632
553,video8195.webm,0.85185224,0.7728448
554,video8196.webm,0.8522259,0.77244145
555,video8197.webm,0.8438306,0.76422495
556,video8198.webm,0.8565863,0.7795296
557,video8199.webm,0.8400692,0.7599271
558,video8200.webm,0.8577901,0.7803552
559,video8201.webm,0.83903843,0.7579396
560,video8202.webm,0.8447525,0.7650032
561,video8205.webm,0.8685227,0.79304373
562,video8206.webm,0.8552752,0.7773706
563,video8207.webm,0.87405044,0.7992424
564,video8208.webm,0.84687096,0.76790154
565,video8209.webm,0.8480161,0.769471
566,video8210.webm,0.86421233,0.78770393
567,video8211.webm,0.8381156,0.7569235
568,video8214.webm,0.868353,0.79204714
569,video8215.webm,0.86913896,0.79384685
570,video8216.webm,0.8394242,0.7581836
571,video8217.webm,0.833118,0.75092626
572,video8218.webm,0.84711343,0.76728743
573,video8219.webm,0.87397766,0.7986795
574,video8220.webm,0.8901575,0.81812537
575,video8221.webm,0.84401506,0.7628466
576,video8222.webm,0.8603259,0.7824779
577,video8224.webm,0.8428773,0.76337457
578,video8225.webm,0.8577901,0.7803552
579,video8226.webm,0.89193845,0.8198157
580,video8227.webm,0.8459593,0.76618147
581,video8228.webm,0.86672026,0.78784835
582,video8229.webm,0.87163436,0.79715997
583,video8230.webm,0.8444008,0.765
584,video8231.webm,0.86221784,0.78561413
585,video8233.webm,0.85061586,0.77102566
586,video8234.webm,0.8385889,0.75805604
587,video8235.webm,0.8569852,0.77893275
588,video8236.webm,0.83301896,0.75082856
589,video8238.webm,0.86427224,0.7875623
590,video8239.webm,0.87666416,0.8008189
591,video8240.webm,0.87460244,0.79971594
592,video8241.webm,0.8370519,0.7557847
593,video8243.webm,0.83301896,0.75082856
594,video8245.webm,0.83918715,0.7577213
595,video8246.webm,0.8371254,0.7556558
596,video8247.webm,0.90339243,0.8323396
597,video8249.webm,0.8347812,0.75251055
598,video8251.webm,0.863081,0.78745085
599,video8252.webm,0.8731762,0.80041754
600,video8253.webm,0.86909115,0.7920066
601,video8254.webm,0.83477026,0.7525109
602,video8256.webm,0.8352461,0.75295836
603,video8259.webm,0.8431739,0.7627837
604,video8260.webm,0.83897054,0.7574446
605,video8261.webm,0.8385279,0.7573248
606,video8263.webm,0.86854804,0.79279935
607,video8265.webm,0.83301896,0.75082856
608,video8266.webm,0.8714041,0.7943497
609,video8267.webm,0.90076894,0.82667005
610,video8268.webm,0.87286085,0.7960334
611,video8269.webm,0.856078,0.77897185
612,video8271.webm,0.83372307,0.7517616
613,video8272.webm,0.83924115,0.7580545
614,video8274.webm,0.8415768,0.7608627
615,video8275.webm,0.8384208,0.7579417
616,video8276.webm,0.8427384,0.76259136
617,video8277.webm,0.8364641,0.7548388
618,video8279.webm,0.83563846,0.75350064
619,video8280.webm,0.90683067,0.83696544
620,video8282.webm,0.8857976,0.8139952
621,video8283.webm,0.83301896,0.75082856
622,video8284.webm,0.8589679,0.7809207
623,video8286.webm,0.86109763,0.78448653
624,video8287.webm,0.8354224,0.75391203
625,video8288.webm,0.86165833,0.7846276
626,video8289.webm,0.87866133,0.80258036
627,video8290.webm,0.84208876,0.7613878
628,video8291.webm,0.84565705,0.76390934
629,video8292.webm,0.8363683,0.75504166
630,video8293.webm,0.8588163,0.7836149
631,video8294.webm,0.91321373,0.8452553
632,video8295.webm,0.8947646,0.8192787
633,video8296.webm,0.8791223,0.80365926
634,video8297.webm,0.8418866,0.76205826
635,video8299.webm,0.8402384,0.75889623
636,video8300.webm,0.84847206,0.7686763
637,video8301.webm,0.83301896,0.75082856
638,video8303.webm,0.891003,0.8190122
639,video8304.webm,0.8361011,0.7546381
640,video8305.webm,0.8652211,0.7887678
641,video8306.webm,0.84782743,0.768398
642,video8308.webm,0.85296303,0.7739617
643,video8309.webm,0.88878065,0.81642896
644,video8310.webm,0.855748,0.77564955
645,video8311.webm,0.83301896,0.75082856
646,video8313.webm,0.87520784,0.80023575
647,video8314.webm,0.8695136,0.7962203
648,video8316.webm,0.83301896,0.75082856
649,video8317.webm,0.84212,0.7620141
650,video8318.webm,0.8354563,0.7538601
651,video8319.webm,0.83301896,0.75082856
652,video8322.webm,0.8517603,0.77394414
653,video8323.webm,0.8574404,0.780051
654,video8324.webm,0.91747874,0.8471957
655,video8325.webm,0.8629035,0.7873172
656,video8326.webm,0.88793206,0.8147922
657,video8327.webm,0.83595073,0.7541183
658,video8328.webm,0.84776145,0.7693015
659,video8329.webm,0.841306,0.76046103
660,video8330.webm,0.8330629,0.7508736
661,video8331.webm,0.8971143,0.82487774
662,video8333.webm,0.8490888,0.7696543
663,video8334.webm,0.86217046,0.7854966
664,video8335.webm,0.89971924,0.82774305
665,video8336.webm,0.8541363,0.77738357
666,video8337.webm,0.842059,0.76176965
667,video8338.webm,0.8557239,0.77728
668,video8339.webm,0.844718,0.76527524
669,video8341.webm,0.86162955,0.78227097
670,video8344.webm,0.9161887,0.8484237
671,video8345.webm,0.8376132,0.75684494
672,video8346.webm,0.8517413,0.77346593
673,video8347.webm,0.8696048,0.7925009
674,video8348.webm,0.8424865,0.76206523
675,video8349.webm,0.8832482,0.81003094
676,video8350.webm,0.8363555,0.7547055
677,video8351.webm,0.8506445,0.7712948
678,video8352.webm,0.83519924,0.75286955
679,video8353.webm,0.8625288,0.78585714
680,video8354.webm,0.83745193,0.7559016
681,video8355.webm,0.8497689,0.77135104
682,video8356.webm,0.8705808,0.7947218
683,video8357.webm,0.8812142,0.8070592
684,video8358.webm,0.8706281,0.79808056
685,video8359.webm,0.8441178,0.76469034
686,video8360.webm,0.83301896,0.75082856
687,video8361.webm,0.8339125,0.7519632
688,video8363.webm,0.8595381,0.7834973
689,video8364.webm,0.8638884,0.78843415
690,video8365.webm,0.85409623,0.7770682
691,video8366.webm,0.85682565,0.7783614
692,video8367.webm,0.83424556,0.75245404
693,video8368.webm,0.86961544,0.7922833
694,video8369.webm,0.8417755,0.76066256
695,video8371.webm,0.863401,0.7871305
696,video8374.webm,0.8493409,0.769298
697,video8375.webm,0.83301896,0.75082856
698,video8377.webm,0.9068167,0.8362229
699,video8378.webm,0.87397736,0.7977686
700,video8379.webm,0.83785826,0.75658584
701,video8380.webm,0.833589,0.75159496
702,video8381.webm,0.8337514,0.7517
703,video8382.webm,0.8586035,0.780897
704,video8383.webm,0.8700663,0.79360896
705,video8384.webm,0.8533504,0.7753835
706,video8385.webm,0.85129553,0.7728259
707,video8386.webm,0.83301896,0.75082856
708,video8387.webm,0.89132655,0.8186806
709,video8389.webm,0.84419274,0.764276
710,video8390.webm,0.88337976,0.8087163
711,video8394.webm,0.83301896,0.75082856
712,video8395.webm,0.865612,0.78867334
713,video8396.webm,0.83301896,0.75082856
714,video8397.webm,0.8376657,0.7568012
715,video8398.webm,0.8762731,0.8018988
716,video8399.webm,0.854607,0.7764209
717,video8400.webm,0.84448916,0.7648589
718,video8401.webm,0.8558198,0.77757984
719,video8402.webm,0.83751225,0.7561731
720,video8403.webm,0.8427543,0.7628564
721,video8405.webm,0.8483883,0.76847184
722,video8406.webm,0.84032273,0.75929004
723,video8407.webm,0.8782181,0.80361897
724,video8409.webm,0.8531864,0.7743742
725,video8410.webm,0.85868335,0.78148717
726,video8414.webm,0.8456163,0.7660487
727,video8415.webm,0.84443134,0.7643272
728,video8420.webm,0.861076,0.7827287
729,video8421.webm,0.83301896,0.75082856
730,video8422.webm,0.8342566,0.75246865
731,video8423.webm,0.8342254,0.75224847
732,video8425.webm,0.88235164,0.8073871
733,video8426.webm,0.84175795,0.76175445
734,video8427.webm,0.85505223,0.7767465
735,video8428.webm,0.84907997,0.7687756
736,video8429.webm,0.8335076,0.75148284
737,video8430.webm,0.8481711,0.768943
738,video8433.webm,0.8357325,0.7544106
739,video8434.webm,0.83718973,0.7562174
740,video8435.webm,0.8364819,0.75499266
741,video8436.webm,0.8693167,0.79097664
742,video8437.webm,0.84080654,0.7606097
743,video8438.webm,0.8524747,0.773628
744,video8439.webm,0.8355408,0.7541704
745,video8441.webm,0.8376335,0.7557009
746,video8442.webm,0.8477786,0.7689494
747,video8443.webm,0.8726722,0.79799
748,video8444.webm,0.8360147,0.75453377
749,video8446.webm,0.8590065,0.7816263
750,video8447.webm,0.8541773,0.7749744
751,video8448.webm,0.8931571,0.81990623
752,video8449.webm,0.85642815,0.7780106
753,video8451.webm,0.852569,0.7742553
754,video8452.webm,0.84587234,0.7660174
755,video8453.webm,0.88606477,0.81426364
756,video8454.webm,0.8620587,0.78369415
757,video8455.webm,0.8421381,0.76234883
758,video8456.webm,0.8369096,0.75555813
759,video8458.webm,0.84028697,0.75899017
760,video8459.webm,0.8721567,0.7984527
761,video8461.webm,0.857925,0.78045464
762,video8464.webm,0.8584273,0.7802224
763,video8465.webm,0.8463922,0.7670942
764,video8466.webm,0.8471252,0.7680098
765,video8468.webm,0.8356268,0.7540205
766,video8470.webm,0.8436686,0.7635536
767,video8471.webm,0.841807,0.76113564
768,video8472.webm,0.83735675,0.75580144
769,video8473.webm,0.8396878,0.7589901
770,video8474.webm,0.8423699,0.76166266
771,video8475.webm,0.8480867,0.7690682
772,video8476.webm,0.8386424,0.7567844
773,video8477.webm,0.8803554,0.80689543
774,video8478.webm,0.8513299,0.77385616
775,video8479.webm,0.8444866,0.7641426
776,video8480.webm,0.83301896,0.75082856
777,video8481.webm,0.84658587,0.7669315
778,video8482.webm,0.83969915,0.7583541
779,video8485.webm,0.84087914,0.7596834
780,video8487.webm,0.8362755,0.7545391
781,video8488.webm,0.841882,0.7606438
782,video8489.webm,0.8347051,0.7526932
783,video8491.webm,0.84129786,0.76031846
784,video8492.webm,0.89093846,0.8188563
785,video8493.webm,0.8601702,0.78268325
786,video8494.webm,0.8674232,0.7923325
787,video8495.webm,0.8797065,0.80563676
788,video8496.webm,0.8439789,0.76173955
789,video8497.webm,0.8342671,0.75245035
790,video8498.webm,0.86473465,0.7868699
791,video8499.webm,0.8593078,0.78073525
792,video8500.webm,0.83301896,0.75082856
793,video8503.webm,0.857833,0.77835643
794,video8504.webm,0.84528786,0.7660966
795,video8505.webm,0.8499716,0.7707004
796,video8506.webm,0.86781234,0.7915249
797,video8507.webm,0.8676629,0.7914445
798,video8508.webm,0.8506523,0.7720431
799,video8509.webm,0.84442794,0.7641016
800,video8510.webm,0.8368468,0.755713
801,video8512.webm,0.8497308,0.7720112
802,video8513.webm,0.84887856,0.7694234
803,video8514.webm,0.8623926,0.7842173
804,video8515.webm,0.8461171,0.76665205
805,video8516.webm,0.9167998,0.84813297
806,video8517.webm,0.8426665,0.7622303
807,video8518.webm,0.8559121,0.7776241
808,video8520.webm,0.8446122,0.7638361
809,video8521.webm,0.8860849,0.8124295
810,video8522.webm,0.8751393,0.8003851
811,video8525.webm,0.83301896,0.75082856
812,video8526.webm,0.8566617,0.77947813
813,video8529.webm,0.8399154,0.75842726
814,video8530.webm,0.8897693,0.8166708
815,video8531.webm,0.8707973,0.79494095
816,video8532.webm,0.90039974,0.8316203
817,video8535.webm,0.87746793,0.8033943
818,video8538.webm,0.8543339,0.77386105
819,video8542.webm,0.84514225,0.7662513
820,video8543.webm,0.838169,0.75705755
821,video8544.webm,0.8461171,0.76665205
822,video8545.webm,0.8343231,0.7520515
823,video8546.webm,0.8593938,0.7809452
824,video8547.webm,0.8377735,0.75654846
825,video8549.webm,0.83526176,0.7537845
826,video8550.webm,0.83733803,0.75621957
827,video8551.webm,0.8705201,0.7941764
828,video8552.webm,0.83838403,0.757155
829,video8553.webm,0.83422303,0.7522457
830,video8554.webm,0.8385889,0.75805604
831,video8556.webm,0.85244805,0.7739015
832,video8557.webm,0.88559735,0.81239396
833,video8558.webm,0.85512024,0.7759772
834,video8560.webm,0.84855574,0.76935923
835,video8561.webm,0.88893956,0.8168609
836,video8562.webm,0.87505776,0.8003632
837,video8563.webm,0.8343231,0.7520515
838,video8565.webm,0.85682565,0.7783614
839,video8566.webm,0.8667536,0.7898915
840,video8568.webm,0.88407326,0.81006026
841,video8572.webm,0.83956295,0.75914097
842,video8573.webm,0.83467793,0.7524795
843,video8575.webm,0.851507,0.77376676
844,video8576.webm,0.87030476,0.79430544
845,video8577.webm,0.867745,0.79100376
846,video8578.webm,0.8602888,0.7820727
847,video8579.webm,0.83301896,0.75082856
848,video8580.webm,0.8915744,0.81899935
849,video8581.webm,0.8400546,0.7589932
850,video8582.webm,0.8677102,0.7910524
851,video8583.webm,0.8420791,0.76182866
852,video8584.webm,0.8404302,0.76007867
853,video8585.webm,0.83301896,0.75082856
854,video8586.webm,0.877869,0.80342525
855,video8587.webm,0.8718463,0.7992209
856,video8588.webm,0.83694714,0.75511545
857,video8590.webm,0.88177043,0.80827963
858,video8591.webm,0.889284,0.81610537
859,video8592.webm,0.85782313,0.77867055
860,video8593.webm,0.835603,0.7532466
861,video8594.webm,0.85787284,0.7800566
862,video8595.webm,0.8477718,0.76851237
863,video8596.webm,0.8553816,0.7773902
864,video8597.webm,0.8575426,0.7807702
865,video8598.webm,0.8441655,0.7638333
866,video8600.webm,0.88543856,0.81212
867,video8601.webm,0.8641013,0.78792524
868,video8602.webm,0.8626851,0.78641444
869,video8603.webm,0.85019094,0.7709253
870,video8604.webm,0.84904575,0.7698552
871,video8605.webm,0.8529873,0.7747635
872,video8606.webm,0.8537069,0.77503276
873,video8607.webm,0.8641084,0.78785443
874,video8609.webm,0.8617425,0.7867745
875,video8611.webm,0.8791429,0.8056537
876,video8613.webm,0.8357181,0.7544054
877,video8614.webm,0.8463049,0.767226
878,video8615.webm,0.8521591,0.7735193
879,video8616.webm,0.83545905,0.75360847
880,video8618.webm,0.8378728,0.7568758
881,video8619.webm,0.85188544,0.77384466
882,video8621.webm,0.8364682,0.75478077
883,video8622.webm,0.83498234,0.7532384
884,video8623.webm,0.8423533,0.76205695
885,video8624.webm,0.8501523,0.770887
886,video8625.webm,0.8338529,0.75193363
887,video8628.webm,0.8564957,0.7794145
888,video8629.webm,0.8578447,0.78074044
889,video8630.webm,0.85826164,0.78092635
890,video8631.webm,0.839463,0.7586973
891,video8632.webm,0.8396158,0.7586199
892,video8633.webm,0.8786355,0.80543196
893,video8635.webm,0.85916007,0.78075653
894,video8636.webm,0.8528257,0.77594644
895,video8637.webm,0.8578247,0.7791216
896,video8638.webm,0.8571539,0.77978295
897,video8640.webm,0.8349306,0.7530689
898,video8641.webm,0.8701599,0.7951869
899,video8642.webm,0.83301896,0.75082856
900,video8643.webm,0.8527577,0.7737666
901,video8644.webm,0.8689648,0.79382384
902,video8646.webm,0.83301896,0.75082856
903,video8647.webm,0.84755975,0.769199
904,video8648.webm,0.8545456,0.7771806
905,video8649.webm,0.8842162,0.8116946
906,video8650.webm,0.83851093,0.75811446
907,video8652.webm,0.84351206,0.7629462
908,video8653.webm,0.83301896,0.75082856
909,video8654.webm,0.86394334,0.7880781
910,video8655.webm,0.86762816,0.790945
911,video8657.webm,0.85468674,0.77687013
912,video8658.webm,0.85368633,0.7762681
913,video8659.webm,0.84186256,0.76184297
914,video8660.webm,0.84184796,0.76166743
915,video8661.webm,0.836074,0.7539993
916,video8663.webm,0.87489885,0.7985571
917,video8664.webm,0.83301896,0.75082856
918,video8665.webm,0.8643199,0.7867682
919,video8667.webm,0.846059,0.76542574
920,video8668.webm,0.83762765,0.7563449
921,video8669.webm,0.8377163,0.7559854
922,video8670.webm,0.8570242,0.77945906
923,video8671.webm,0.8471091,0.76858234
924,video8672.webm,0.8385867,0.75728345
925,video8673.webm,0.8365649,0.7545652
926,video8674.webm,0.83301896,0.75082856
927,video8676.webm,0.83301896,0.75082856
928,video8677.webm,0.83601105,0.75370634
929,video8678.webm,0.8608303,0.78326166
930,video8679.webm,0.84765065,0.76772165
931,video8680.webm,0.869777,0.79428226
932,video8683.webm,0.83739644,0.7558363
933,video8684.webm,0.8500832,0.77018034
934,video8685.webm,0.86028993,0.7816889
935,video8687.webm,0.83441705,0.75255513
936,video8689.webm,0.83932877,0.7585974
937,video8691.webm,0.86507607,0.7881137
938,video8692.webm,0.8755708,0.8023813
939,video8693.webm,0.83301896,0.75082856
940,video8694.webm,0.83864963,0.75767577
941,video8695.webm,0.8564241,0.7776595
942,video8696.webm,0.86326355,0.7871549
943,video8698.webm,0.85594964,0.77965945
944,video8700.webm,0.86239076,0.7862384
945,video8701.webm,0.84469724,0.7655424
946,video8702.webm,0.86028075,0.7841265
947,video8704.webm,0.8472334,0.7673413
948,video8705.webm,0.86028945,0.7838879
949,video8708.webm,0.88305277,0.8075919
950,video8709.webm,0.86760354,0.7923343
951,video8710.webm,0.8601054,0.78442985
952,video8711.webm,0.84487313,0.76234037
953,video8713.webm,0.88728774,0.814209
954,video8714.webm,0.85028607,0.7716131
955,video8717.webm,0.8476558,0.7675704
956,video8718.webm,0.88788545,0.8158524
957,video8719.webm,0.8340528,0.7517991
958,video8720.webm,0.8835552,0.8084809
959,video8722.webm,0.8608061,0.7831954
960,video8723.webm,0.8685858,0.79187626
961,video8724.webm,0.8467806,0.7664293
962,video8725.webm,0.8494098,0.76934624
963,video8726.webm,0.8652921,0.78807145
964,video8727.webm,0.8375047,0.7550222
965,video8729.webm,0.8404506,0.7599417
966,video8730.webm,0.8488385,0.7695763
967,video8731.webm,0.83556145,0.75415397
968,video8732.webm,0.83881,0.75688875
969,video8733.webm,0.84028524,0.7596268
970,video8734.webm,0.84502625,0.7660105
971,video8735.webm,0.84829766,0.7690628
972,video8736.webm,0.84121436,0.7598692
973,video8738.webm,0.8778915,0.80152005
974,video8739.webm,0.8373351,0.75537324
975,video8740.webm,0.8679721,0.79181814
976,video8741.webm,0.8540972,0.77491707
977,video8742.webm,0.8362703,0.754906
978,video8743.webm,0.8472278,0.7676125
979,video8744.webm,0.84160763,0.75987273
980,video8746.webm,0.8533708,0.77540386
981,video8748.webm,0.8414217,0.7602108
982,video8749.webm,0.8357209,0.75433177
983,video8750.webm,0.8649939,0.78918153
984,video8751.webm,0.838456,0.7574298
985,video8752.webm,0.8826783,0.8099876
986,video8753.webm,0.89568913,0.8235675
987,video8754.webm,0.8715741,0.79618603
988,video8755.webm,0.85174364,0.772465
989,video8756.webm,0.86823916,0.7912116
990,video8757.webm,0.8579938,0.78047466
991,video8758.webm,0.8402223,0.75919527
992,video8759.webm,0.8650946,0.78940463
993,video8760.webm,0.84784585,0.7683587
994,video8762.webm,0.8378762,0.7571332
995,video8763.webm,0.83379376,0.75185776
996,video8764.webm,0.8541501,0.7760941
997,video8765.webm,0.83660376,0.7551909
998,video8766.webm,0.8369877,0.7560841
999,video8768.webm,0.8416836,0.76119274
1000,video8770.webm,0.83785075,0.75603247
1001,video8771.webm,0.8401453,0.7585989
1002,video8772.webm,0.84259075,0.7621505
1003,video8774.webm,0.851003,0.7711619
1004,video8775.webm,0.85765713,0.7816653
1005,video8776.webm,0.8378728,0.7568758
1006,video8778.webm,0.8645793,0.7896393
1007,video8779.webm,0.84777474,0.76664764
1008,video8780.webm,0.84481627,0.76586956
1009,video8781.webm,0.84865195,0.76815236
1010,video8782.webm,0.83620983,0.7544736
1011,video8783.webm,0.8671238,0.79320097
1012,video8784.webm,0.8481224,0.76918685
1013,video8785.webm,0.83301896,0.75082856
1014,video8786.webm,0.84643024,0.7667808
1015,video8788.webm,0.87370193,0.7984536
1016,video8789.webm,0.857896,0.7801198
1017,video8790.webm,0.8444655,0.7632392
1018,video8791.webm,0.8438547,0.7631073
1019,video8792.webm,0.8363498,0.7546377
1020,video8794.webm,0.86995494,0.79321223
1021,video8795.webm,0.83595896,0.7544276
1022,video8796.webm,0.8722149,0.79572326
1023,video8797.webm,0.8751393,0.8003851
1024,video8799.webm,0.8721353,0.79734486
1025,video8800.webm,0.8594837,0.7821317
1026,video8802.webm,0.8755318,0.80123293
1027,video8803.webm,0.8617425,0.7867745
1028,video8804.webm,0.8715226,0.79529506
1029,video8805.webm,0.8416933,0.7612619
1030,video8806.webm,0.87341213,0.7969374
1031,video8807.webm,0.8548874,0.77711874
1032,video8808.webm,0.8446578,0.76390743
1033,video8810.webm,0.84355205,0.7632957
1034,video8811.webm,0.833065,0.75087607
1035,video8813.webm,0.84106153,0.7606295
1036,video8814.webm,0.8710362,0.79347193
1037,video8815.webm,0.8620547,0.7832801
1038,video8816.webm,0.8676669,0.79030174
1039,video8817.webm,0.9446367,0.87953365
1040,video8818.webm,0.84755975,0.769199
1041,video8819.webm,0.8815176,0.80602807
1042,video8820.webm,0.83431506,0.7523522
1043,video8821.webm,0.8474604,0.76831174
1044,video8822.webm,0.8609954,0.7848206
1045,video8825.webm,0.8681688,0.7897901
1046,video8826.webm,0.8564524,0.77854383
1047,video8827.webm,0.88110423,0.8088659
1048,video8828.webm,0.8533735,0.7743517
1049,video8829.webm,0.8431913,0.76259446
1050,video8830.webm,0.8771393,0.8022611
1051,video8833.webm,0.8798966,0.80411893
1052,video8834.webm,0.8448966,0.76510066
1053,video8835.webm,0.8476779,0.7697798
1054,video8837.webm,0.84499407,0.76490927
1055,video8838.webm,0.83594686,0.75458384
1056,video8840.webm,0.8541009,0.77450156
1057,video8842.webm,0.8421017,0.7619257
1058,video8843.webm,0.85107386,0.772812
1059,video8845.webm,0.8384208,0.7579417
1060,video8846.webm,0.84344876,0.76325214
1061,video8849.webm,0.8478488,0.7678478
1062,video8851.webm,0.83601433,0.75421
1063,video8852.webm,0.85120505,0.7727584
1064,video8853.webm,0.8338529,0.75193363
1065,video8855.webm,0.8755891,0.7986812
1066,video8856.webm,0.84965247,0.77016264
1067,video8858.webm,0.8736392,0.79819345
1068,video8859.webm,0.85115546,0.7716313
1069,video8860.webm,0.86868876,0.79240125
1070,video8861.webm,0.8951482,0.8229828
1071,video8862.webm,0.8457281,0.76640666
1072,video8863.webm,0.8798417,0.8070529
1073,video8865.webm,0.85143363,0.7726979
1074,video8866.webm,0.8593161,0.78088427
1075,video8868.webm,0.8478346,0.76871824
1076,video8869.webm,0.8453154,0.76609915
1077,video8870.webm,0.8477039,0.76649356
1078,video8871.webm,0.859251,0.781415
1079,video8872.webm,0.8636326,0.78749746
1080,video8873.webm,0.83439106,0.75264686
1081,video8874.webm,0.8392996,0.7581215
1082,video8875.webm,0.8376132,0.75684494
1083,video8876.webm,0.88229364,0.80784994
1084,video8877.webm,0.8448104,0.763936
1085,video8878.webm,0.85562044,0.7772404
1086,video8879.webm,0.84058917,0.76062596
1087,video8881.webm,0.8385001,0.7574053
1088,video8883.webm,0.8481725,0.7681756
1089,video8885.webm,0.8391723,0.75856256
1090,video8887.webm,0.86204416,0.7854849
1091,video8888.webm,0.85373974,0.7757564
1092,video8889.webm,0.8453339,0.76559037
1093,video8890.webm,0.84748447,0.7655388
1094,video8891.webm,0.83301896,0.75082856
1095,video8892.webm,0.8689103,0.7946842
1096,video8893.webm,0.84244466,0.76153135
1097,video8894.webm,0.85749406,0.7794784
1098,video8895.webm,0.83301896,0.75082856
1099,video8896.webm,0.84073126,0.7605914
1100,video8897.webm,0.8598469,0.78347033
1101,video8900.webm,0.8371634,0.75567394
1102,video8902.webm,0.8899367,0.81839025
1103,video8903.webm,0.850329,0.77157104
1104,video8904.webm,0.83992934,0.7592191
1105,video8905.webm,0.83301896,0.75082856
1106,video8906.webm,0.8432802,0.7631296
1107,video8907.webm,0.88090676,0.807493
1108,video8909.webm,0.84263736,0.7618624
1109,video8910.webm,0.8578621,0.78129685
1110,video8911.webm,0.84760964,0.7685215
1111,video8912.webm,0.8360676,0.75485945
1112,video8913.webm,0.8597541,0.781698
1113,video8914.webm,0.8687305,0.7912238
1114,video8915.webm,0.85668296,0.77829754
1115,video8916.webm,0.8859699,0.8123757
1116,video8918.webm,0.83301896,0.75082856
1117,video8920.webm,0.8520932,0.77455354
1118,video8923.webm,0.8675852,0.78969514
1119,video8924.webm,0.88017833,0.8071299
1120,video8926.webm,0.8626939,0.7857763
1121,video8928.webm,0.8565683,0.7800449
1122,video8929.webm,0.864834,0.78742653
1123,video8930.webm,0.90184915,0.83173704
1124,video8931.webm,0.8419176,0.7605493
1125,video8932.webm,0.87667006,0.80108845
1126,video8933.webm,0.8495239,0.7702432
1127,video8934.webm,0.8520028,0.7717575
1128,video8935.webm,0.8611052,0.78361994
1129,video8937.webm,0.8662228,0.78904516
1130,video8938.webm,0.8371767,0.7556633
1131,video8940.webm,0.85220027,0.7749623
1132,video8942.webm,0.8400877,0.7595635
1133,video8944.webm,0.8352594,0.753613
1134,video8945.webm,0.9080554,0.83689857
1135,video8946.webm,0.8754878,0.8004946
1136,video8948.webm,0.8544485,0.7755078
1137,video8949.webm,0.84449613,0.76472616
1138,video8950.webm,0.83301896,0.75082856
1139,video8952.webm,0.8389658,0.7583864
1140,video8953.webm,0.8677746,0.7910345
1141,video8954.webm,0.8331614,0.7509668
1142,video8955.webm,0.841159,0.7601996
1143,video8956.webm,0.8486304,0.76914823
1144,video8957.webm,0.836787,0.75500935
1145,video8959.webm,0.8429152,0.7624904
1146,video8960.webm,0.93741333,0.8721351
1147,video8961.webm,0.8589816,0.78153497
1148,video8962.webm,0.83301896,0.75082856
1149,video8963.webm,0.84321004,0.76393354
1150,video8964.webm,0.85795045,0.78068495
1151,video8965.webm,0.8563224,0.779103
1152,video8967.webm,0.8575113,0.7804699
1153,video8968.webm,0.8662074,0.79126984
1154,video8969.webm,0.89158255,0.82055026
1155,video8970.webm,0.893739,0.82074046
1156,video8972.webm,0.8676886,0.7912032
1157,video8973.webm,0.8497181,0.7703958
1158,video8974.webm,0.8799373,0.8061098
1159,video8976.webm,0.87192094,0.7971436
1160,video8977.webm,0.8630578,0.78573215
1161,video8978.webm,0.89663553,0.82447994
1162,video8979.webm,0.86948764,0.793767
1163,video8980.webm,0.83301896,0.75082856
1164,video8981.webm,0.85595477,0.7766723
1165,video8983.webm,0.86196715,0.78474325
1166,video8984.webm,0.83301896,0.75082856
1167,video8985.webm,0.86844313,0.7929772
1168,video8986.webm,0.8519497,0.77245367
1169,video8987.webm,0.8578139,0.78041756
1170,video8988.webm,0.87632954,0.80085605
1171,video8989.webm,0.84317344,0.76249456
1172,video8990.webm,0.85573256,0.7772964
1173,video8992.webm,0.8897351,0.8185186
1174,video8994.webm,0.83499485,0.7526787
1175,video8995.webm,0.8735794,0.7999013
1176,video8997.webm,0.8811512,0.8074587
1177,video8998.webm,0.8553315,0.7771111
1178,video8999.webm,0.8467591,0.7683655
1179,video9000.webm,0.8659962,0.78931165
1180,video9001.webm,0.8658026,0.788857
1181,video9003.webm,0.84192425,0.761757
1182,video9004.webm,0.83301896,0.75082856
1183,video9005.webm,0.84775215,0.76905173
1184,video9006.webm,0.8597439,0.78181094
1185,video9007.webm,0.83301896,0.75082856
1186,video9008.webm,0.833787,0.7517255
1187,video9009.webm,0.85075086,0.7709853
1188,video9010.webm,0.8554833,0.7764646
1189,video9011.webm,0.85591894,0.7771979
1190,video9012.webm,0.87989104,0.80585593
1191,video9013.webm,0.8832482,0.81003094
1192,video9014.webm,0.8715329,0.7970894
1193,video9016.webm,0.868873,0.79245305
1194,video9017.webm,0.83301896,0.75082856
1195,video9018.webm,0.84030414,0.7586039
1196,video9020.webm,0.84678704,0.7659246
1197,video9022.webm,0.873873,0.7984995
1198,video9025.webm,0.89569354,0.82471627
1199,video9026.webm,0.8541446,0.77585757
1200,video9027.webm,0.8647367,0.78715444
1201,video9028.webm,0.88810813,0.81429666
1202,video9031.webm,0.8697017,0.7939859
1203,video9032.webm,0.920107,0.854458
1204,video9033.webm,0.8645634,0.7881542
1205,video9034.webm,0.8831217,0.8092843
1206,video9035.webm,0.85880435,0.7815403
1207,video9037.webm,0.84720135,0.76586133
1208,video9038.webm,0.838699,0.7574862
1209,video9039.webm,0.891241,0.8214483
1210,video9041.webm,0.87338674,0.7996412
1211,video9042.webm,0.8361204,0.7541559
1212,video9044.webm,0.8440165,0.7623057
1213,video9045.webm,0.83650106,0.7551326
1214,video9047.webm,0.83514696,0.753595
1215,video9048.webm,0.8675789,0.7929818
1216,video9050.webm,0.8761494,0.8011256
1217,video9052.webm,0.8837627,0.8094954
1218,video9053.webm,0.83520764,0.753729
1219,video9055.webm,0.8512691,0.7727286
1220,video9056.webm,0.8338123,0.7518207
1221,video9057.webm,0.83876884,0.75638115
1222,video9058.webm,0.9454992,0.8781965
1223,video9059.webm,0.8385286,0.7573887
1224,video9060.webm,0.8728651,0.7980891
1225,video9061.webm,0.89732784,0.82606035
1226,video9063.webm,0.85844964,0.7799166
1227,video9064.webm,0.8349803,0.75291145
1228,video9065.webm,0.8640023,0.7875638
1229,video9066.webm,0.83621687,0.7547669
1230,video9067.webm,0.83384955,0.75168145
1231,video9068.webm,0.8468468,0.7668118
1232,video9069.webm,0.833194,0.75106555
1233,video9070.webm,0.8496361,0.771241
1234,video9071.webm,0.8534121,0.77569807
1235,video9072.webm,0.85922366,0.7826351
1236,video9073.webm,0.8335803,0.75158376
1237,video9074.webm,0.8714041,0.7943497
1238,video9075.webm,0.8506373,0.7725488
1239,video9076.webm,0.854515,0.7757444
1240,video9078.webm,0.83778954,0.7563894
1241,video9079.webm,0.8690294,0.7931085
1242,video9082.webm,0.8679532,0.7912826
1243,video9083.webm,0.8751393,0.8003851
1244,video9084.webm,0.8488298,0.769083
1245,video9086.webm,0.85048956,0.7724123
1246,video9088.webm,0.84657496,0.7669944
1247,video9089.webm,0.8527229,0.7745521
1248,video9090.webm,0.89045787,0.81881607
1249,video9091.webm,0.83374304,0.75173664
1250,video9092.webm,0.8583227,0.779793
1251,video9093.webm,0.83697766,0.75607455
1252,video9094.webm,0.8699306,0.7936859
1253,video9095.webm,0.8471639,0.7689961
1254,video9096.webm,0.88282233,0.80969286
1255,video9097.webm,0.85553664,0.77839875
1256,video9098.webm,0.8594044,0.78153956
1257,video9100.webm,0.8610538,0.7831257
1258,video9101.webm,0.84998035,0.7714248
1259,video9102.webm,0.8491376,0.7706392
1260,video9103.webm,0.83523685,0.7535114
1261,video9105.webm,0.84968066,0.7691578
1262,video9106.webm,0.84140277,0.76089555
1263,video9107.webm,0.87128234,0.7960544
1264,video9108.webm,0.862971,0.78774667
1265,video9109.webm,0.8450236,0.76578283
1266,video9110.webm,0.8553679,0.77665615
1267,video9112.webm,0.8832166,0.80874723
1268,video9113.webm,0.83301896,0.75082856
1269,video9114.webm,0.91720515,0.8490642
1270,video9115.webm,0.83337176,0.75129014
1271,video9116.webm,0.8442478,0.7636366
1272,video9117.webm,0.8389266,0.75747675
1273,video9118.webm,0.8411573,0.7612981
1274,video9119.webm,0.84854996,0.76828283
1275,video9120.webm,0.8457664,0.76647186
1276,video9121.webm,0.88408107,0.81231636
1277,video9123.webm,0.84412605,0.76394224
1278,video9125.webm,0.83431506,0.7523522
1279,video9127.webm,0.8386227,0.75733644
1280,video9128.webm,0.85271674,0.77547526
1281,video9130.webm,0.87391645,0.7983317
1282,video9131.webm,0.88958853,0.8165268
1283,video9132.webm,0.85439223,0.77704835
1284,video9133.webm,0.8762731,0.8018988
1285,video9134.webm,0.88753116,0.81419754
1286,video9135.webm,0.8415128,0.76098496
1287,video9137.webm,0.84807545,0.76918715
1288,video9138.webm,0.8557316,0.77887344
1289,video9139.webm,0.8566535,0.7791363
1290,video9140.webm,0.8565578,0.7790788
1291,video9141.webm,0.89611006,0.8242737
1292,video9142.webm,0.8517568,0.772994
1293,video9143.webm,0.8348942,0.752791
1294,video9145.webm,0.85766727,0.77995914
1295,video9147.webm,0.85173714,0.77282226
1296,video9150.webm,0.83301896,0.75082856
1297,video9151.webm,0.8461419,0.7667683
1298,video9152.webm,0.8781071,0.80499953
1299,video9153.webm,0.8543613,0.7749873
1300,video9155.webm,0.8557203,0.7764651
1301,video9157.webm,0.8400546,0.7589932
1302,video9158.webm,0.84384704,0.7640561
1303,video9159.webm,0.84068125,0.7596365
1304,video9160.webm,0.8801237,0.80620784
1305,video9162.webm,0.8473809,0.7678543
1306,video9163.webm,0.8391895,0.7582424
1307,video9165.webm,0.83554137,0.75408214
1308,video9166.webm,0.86813414,0.7923863
1309,video9167.webm,0.83301896,0.75082856
1310,video9168.webm,0.8636902,0.78643084
1311,video9169.webm,0.83595896,0.7544276
1312,video9170.webm,0.8543655,0.77618897
1313,video9171.webm,0.8608892,0.7831742
1314,video9172.webm,0.83301896,0.75082856
1315,video9174.webm,0.8481979,0.7686506
1316,video9175.webm,0.86434776,0.7865086
1317,video9176.webm,0.8495436,0.77047074
1318,video9177.webm,0.8330323,0.75084233
1319,video9179.webm,0.84442794,0.7641016
1320,video9180.webm,0.8356454,0.7541408
1321,video9181.webm,0.8731762,0.80041754
1322,video9183.webm,0.8786939,0.80185187
1323,video9184.webm,0.8509275,0.77297294
1324,video9185.webm,0.85779005,0.7805875
1325,video9186.webm,0.8524747,0.773628
1326,video9187.webm,0.8665045,0.78911823
1327,video9188.webm,0.8423703,0.7604499
1328,video9190.webm,0.8370503,0.7561517
1329,video9191.webm,0.8517483,0.7728148
1330,video9192.webm,0.83301896,0.75082856
1331,video9193.webm,0.8330323,0.75084233
1332,video9194.webm,0.91506577,0.8450611
1333,video9197.webm,0.8804039,0.80794376
1334,video9198.webm,0.8498937,0.77189565
1335,video9202.webm,0.85722363,0.7788867
1336,video9203.webm,0.90539443,0.8335374
1337,video9204.webm,0.8657375,0.7881177
1338,video9205.webm,0.8364167,0.75522506
1339,video9206.webm,0.8361102,0.75474125
1340,video9207.webm,0.8490608,0.76982975
1341,video9208.webm,0.8783909,0.80259115
1342,video9209.webm,0.84220946,0.7622815
1343,video9210.webm,0.892885,0.8204794
1344,video9211.webm,0.8396901,0.75830555
1345,video9212.webm,0.87889254,0.8045894
1346,video9213.webm,0.85222346,0.7737434
1347,video9214.webm,0.86514354,0.7871446
1348,video9215.webm,0.83313286,0.75097555
1349,video9216.webm,0.8631662,0.78636336
1350,video9217.webm,0.8392453,0.75853544
1351,video9218.webm,0.8383718,0.7568368
1352,video9219.webm,0.8375313,0.7558228
1353,video9220.webm,0.83301896,0.75082856
1354,video9221.webm,0.8605463,0.7844145
1355,video9222.webm,0.85450023,0.7774723
1356,video9223.webm,0.86423874,0.7865783
1357,video9224.webm,0.87401646,0.79786134
1358,video9225.webm,0.8484698,0.76900804
1359,video9226.webm,0.84013486,0.7590205
1360,video9227.webm,0.841306,0.76046103
1361,video9228.webm,0.872107,0.79669845
1362,video9229.webm,0.83301896,0.75082856
1363,video9230.webm,0.8419554,0.76233006
1364,video9231.webm,0.83301896,0.75082856
1365,video9232.webm,0.8686665,0.7924882
1366,video9234.webm,0.84653914,0.7675065
1367,video9235.webm,0.86782634,0.7912865
1368,video9236.webm,0.8444045,0.765057
1369,video9239.webm,0.84208876,0.7613878
1370,video9240.webm,0.8875231,0.8146867
1371,video9241.webm,0.84540445,0.7660969
1372,video9242.webm,0.8663951,0.79159486
1373,video9243.webm,0.87131995,0.7958352
1374,video9245.webm,0.84173864,0.7609449
1375,video9246.webm,0.8416522,0.76060164
1376,video9247.webm,0.8408533,0.7600425
1377,video9248.webm,0.86110574,0.78337616
1378,video9249.webm,0.8777828,0.80337167
1379,video9250.webm,0.83301896,0.75082856
1380,video9251.webm,0.84698623,0.76860815
1381,video9252.webm,0.89960366,0.8280498
1382,video9253.webm,0.85303724,0.77498776
1383,video9254.webm,0.8493605,0.76899457
1384,video9255.webm,0.8695757,0.79372686
1385,video9256.webm,0.83301896,0.75082856
1386,video9257.webm,0.84725064,0.76804787
1387,video9258.webm,0.8353045,0.75349706
1388,video9259.webm,0.8350106,0.75341994
1389,video9260.webm,0.83595896,0.7544276
1390,video9261.webm,0.8537077,0.7757952
1391,video9262.webm,0.8771393,0.8022611
1392,video9263.webm,0.8886597,0.8153273
1393,video9266.webm,0.8359755,0.7547487
1394,video9268.webm,0.8557435,0.77788883
1395,video9269.webm,0.9144424,0.8476485
1396,video9270.webm,0.84093267,0.760021
1397,video9271.webm,0.8720641,0.7971795
1398,video9273.webm,0.8669621,0.7912665
1399,video9275.webm,0.83301896,0.75082856
1400,video9276.webm,0.8515659,0.77133244
1401,video9277.webm,0.86059904,0.78376323
1402,video9278.webm,0.85342026,0.77419996
1403,video9280.webm,0.85853773,0.78166217
1404,video9282.webm,0.8406794,0.76023173
1405,video9283.webm,0.8646495,0.78633976
1406,video9284.webm,0.8650941,0.791629
1407,video9288.webm,0.83733726,0.7561739
1408,video9289.webm,0.8810814,0.80726606
1409,video9290.webm,0.87740684,0.80284923
1410,video9291.webm,0.83564794,0.7542405
1411,video9292.webm,0.89882874,0.8274565
1412,video9293.webm,0.85212463,0.7733297
1413,video9294.webm,0.845607,0.76635975
1414,video9295.webm,0.8455219,0.7657258
1415,video9296.webm,0.85306525,0.7729564
1416,video9297.webm,0.85688347,0.78009963
1417,video9298.webm,0.8600753,0.7825355
1418,video9299.webm,0.8351,0.7535347
1419,video9300.webm,0.84870166,0.76967114
1420,video9301.webm,0.84475493,0.76472867
1421,video9302.webm,0.84171647,0.760794
1422,video9303.webm,0.8513337,0.7722552
1423,video9304.webm,0.8480697,0.768205
1424,video9305.webm,0.83301896,0.75082856
1425,video9307.webm,0.8633118,0.7852819
1426,video9309.webm,0.84140277,0.76089555
1427,video9310.webm,0.85839415,0.7800596
1428,video9311.webm,0.85624236,0.7778876
1429,video9312.webm,0.86743265,0.79215753
1430,video9313.webm,0.8467315,0.7675918
1431,video9315.webm,0.863623,0.7861302
1432,video9316.webm,0.8359041,0.7544325
1433,video9317.webm,0.85386884,0.7756789
1434,video9318.webm,0.8739334,0.7996454
1435,video9319.webm,0.8589642,0.78014475
1436,video9321.webm,0.84753555,0.7678714
1437,video9322.webm,0.857614,0.7809399
1438,video9323.webm,0.85022974,0.7693112
1439,video9324.webm,0.841778,0.7616564
1440,video9327.webm,0.89039093,0.8183085
1441,video9328.webm,0.8629095,0.7850877
1442,video9329.webm,0.838074,0.75637996
1443,video9330.webm,0.83522356,0.75375307
1444,video9331.webm,0.84980226,0.77040946
1445,video9333.webm,0.8648876,0.7900014
1446,video9334.webm,0.837823,0.7568978
1447,video9335.webm,0.8657267,0.78911465
1448,video9337.webm,0.8447139,0.76450396
1449,video9339.webm,0.85027915,0.77124774
1450,video9341.webm,0.8427579,0.76256174
1451,video9342.webm,0.84021676,0.75964683
1452,video9343.webm,0.8470191,0.7682035
1453,video9344.webm,0.8415505,0.7613183
1454,video9345.webm,0.85358095,0.77566415
1455,video9347.webm,0.87719357,0.8015103
1456,video9348.webm,0.86321694,0.78843117
1457,video9349.webm,0.8400452,0.7599521
1458,video9350.webm,0.8950295,0.82398784
1459,video9353.webm,0.8956972,0.8247267
1460,video9354.webm,0.8422242,0.7622452
1461,video9356.webm,0.8818803,0.80708563
1462,video9357.webm,0.8614468,0.78443295
1463,video9358.webm,0.84880936,0.76968646
1464,video9359.webm,0.8442945,0.7635613
1465,video9360.webm,0.84259075,0.7621505
1466,video9361.webm,0.83405536,0.752202
1467,video9362.webm,0.83473825,0.7526701
1468,video9365.webm,0.8440816,0.7634002
1469,video9366.webm,0.861168,0.7832897
1470,video9367.webm,0.8330323,0.75084233
1471,video9368.webm,0.83301896,0.75082856
1472,video9369.webm,0.87559444,0.8021919
1473,video9370.webm,0.8670697,0.79126966
1474,video9371.webm,0.8638321,0.78717965
1475,video9372.webm,0.88479054,0.81335723
1476,video9373.webm,0.8751393,0.8003851
1477,video9374.webm,0.83301896,0.75082856
1478,video9375.webm,0.85015196,0.7720557
1479,video9376.webm,0.836084,0.75369567
1480,video9377.webm,0.8503353,0.77190256
1481,video9379.webm,0.8403584,0.76021224
1482,video9380.webm,0.8419631,0.7618803
1483,video9381.webm,0.8520859,0.77426857
1484,video9382.webm,0.857896,0.7801198
1485,video9385.webm,0.8411523,0.76085836
1486,video9386.webm,0.838214,0.75736225
1487,video9387.webm,0.85960335,0.7796601
1488,video9388.webm,0.8608715,0.7820236
1489,video9389.webm,0.84448385,0.7644342
1490,video9390.webm,0.8334334,0.7513606
1491,video9391.webm,0.8909262,0.81818897
1492,video9392.webm,0.8595088,0.781908
1493,video9393.webm,0.8413507,0.76109874
1494,video9394.webm,0.8514104,0.7738403
1495,video9395.webm,0.86756426,0.78992397
1496,video9396.webm,0.85097283,0.77222544
1497,video9397.webm,0.850092,0.7696604
1498,video9398.webm,0.88454604,0.81031054
1499,video9399.webm,0.8679552,0.79126376
1500,video9400.webm,0.8571795,0.77942353
1501,video9402.webm,0.83871377,0.7576293
1502,video9403.webm,0.8421564,0.7616519
1503,video9404.webm,0.8493605,0.76899457
1504,video9405.webm,0.8410978,0.75853616
1505,video9406.webm,0.83301896,0.75082856
1506,video9407.webm,0.86887985,0.79262865
1507,video9408.webm,0.83543086,0.7535266
1508,video9409.webm,0.83935267,0.7587245
1509,video9412.webm,0.87234414,0.7981863
1510,video9414.webm,0.8400577,0.7588817
1511,video9415.webm,0.8515235,0.772841
1512,video9416.webm,0.85409987,0.7755424
1513,video9417.webm,0.8426207,0.7622066
1514,video9419.webm,0.84288013,0.7633111
1515,video9420.webm,0.85263515,0.77257603
1516,video9421.webm,0.8409654,0.76118636
1517,video9422.webm,0.84760803,0.7679032
1518,video9423.webm,0.8654714,0.7882771
1519,video9424.webm,0.8558011,0.7780809
1520,video9425.webm,0.8575247,0.7787025
1521,video9426.webm,0.8535405,0.7748982
1522,video9427.webm,0.83886033,0.7580555
1523,video9428.webm,0.842508,0.76194215
1524,video9430.webm,0.86060804,0.7835844
1525,video9431.webm,0.8601702,0.78268325
1526,video9432.webm,0.8404871,0.75967145
1527,video9433.webm,0.8722891,0.79601246
1528,video9434.webm,0.83672965,0.7548105
1529,video9435.webm,0.85138756,0.77226824
1530,video9437.webm,0.86191785,0.7842409
1531,video9438.webm,0.8833162,0.8107678
1532,video9439.webm,0.88110423,0.8088659
1533,video9440.webm,0.8392258,0.75804734
1534,video9441.webm,0.8335844,0.751544
1535,video9443.webm,0.8720975,0.796766
1536,video9445.webm,0.90809095,0.8375266
1537,video9446.webm,0.84416634,0.7627747
1538,video9448.webm,0.84641486,0.76703286
1539,video9449.webm,0.8645802,0.7849285
1540,video9450.webm,0.8664256,0.7884059
1541,video9451.webm,0.86427224,0.7875623
1542,video9452.webm,0.8453519,0.7655748
1543,video9453.webm,0.8579972,0.7791812
1544,video9454.webm,0.8452945,0.7653327
1545,video9455.webm,0.8526183,0.7744328
1546,video9456.webm,0.85231656,0.7736735
1547,video9457.webm,0.8617425,0.7867745
1548,video9460.webm,0.8412787,0.7605159
1549,video9461.webm,0.87597835,0.7989613
1550,video9462.webm,0.8557203,0.7764651
1551,video9463.webm,0.8621711,0.78478026
1552,video9464.webm,0.849231,0.7705242
1553,video9465.webm,0.8722891,0.79601246
1554,video9466.webm,0.85858124,0.7816952
1555,video9468.webm,0.8939315,0.824036
1556,video9469.webm,0.86410385,0.78919035
1557,video9470.webm,0.8520743,0.77400357
1558,video9472.webm,0.8609208,0.78393215
1559,video9473.webm,0.8409343,0.7609503
1560,video9474.webm,0.8621012,0.78578794
1561,video9475.webm,0.8379154,0.75682193
1562,video9476.webm,0.8621898,0.78547806
1563,video9477.webm,0.83900255,0.75788766
1564,video9478.webm,0.88232386,0.8082277
1565,video9479.webm,0.83461165,0.75293916
1566,video9480.webm,0.8469363,0.7661791
1567,video9481.webm,0.8501787,0.7712204
1568,video9483.webm,0.8563294,0.77811086
1569,video9484.webm,0.86380726,0.786937
1570,video9485.webm,0.83301896,0.75082856
1571,video9486.webm,0.8457072,0.76640075
1572,video9487.webm,0.8493751,0.7706402
1573,video9488.webm,0.85212666,0.77300286
1574,video9490.webm,0.86248,0.78562355
1575,video9492.webm,0.8395399,0.75881696
1576,video9493.webm,0.8723898,0.79564536
1577,video9495.webm,0.83301896,0.75082856
1578,video9496.webm,0.8619131,0.7843384
1579,video9497.webm,0.8577321,0.7807851
1580,video9499.webm,0.833062,0.7508868
1581,video9500.webm,0.8460747,0.76687247
1582,video9501.webm,0.83301896,0.75082856
1583,video9502.webm,0.8411779,0.7604835
1584,video9503.webm,0.8511983,0.7722264
1585,video9504.webm,0.8819563,0.80757
1586,video9505.webm,0.8454972,0.7655525
1587,video9506.webm,0.84839827,0.7699423
1588,video9507.webm,0.8564241,0.7776595
1589,video9508.webm,0.87164676,0.79448426
1590,video9509.webm,0.837693,0.7565769
1591,video9510.webm,0.83302927,0.7508419
1592,video9511.webm,0.86751443,0.7908758
1593,video9512.webm,0.83332217,0.75123036
1594,video9513.webm,0.8573948,0.7786574
1595,video9515.webm,0.8470616,0.7661885
1596,video9516.webm,0.84242916,0.762208
1597,video9517.webm,0.87969553,0.8054921
1598,video9518.webm,0.8646303,0.78731793
1599,video9519.webm,0.8736299,0.7987575
1600,video9521.webm,0.84692377,0.7666717
1601,video9522.webm,0.8550806,0.77727586
1602,video9523.webm,0.83621687,0.7547669
1603,video9524.webm,0.86807543,0.7925432
1604,video9525.webm,0.83301896,0.75082856
1605,video9526.webm,0.84876996,0.76738507
1606,video9527.webm,0.8846688,0.81280357
1607,video9528.webm,0.84345734,0.76460963
1608,video9529.webm,0.86845046,0.792726
1609,video9530.webm,0.83311576,0.75092417
1610,video9531.webm,0.84725076,0.7681176
1611,video9532.webm,0.8453067,0.76514786
1612,video9533.webm,0.87920785,0.804813
1613,video9534.webm,0.90979195,0.84230655
1614,video9535.webm,0.85579824,0.77748543
1615,video9536.webm,0.8594334,0.7804685
1616,video9537.webm,0.8659962,0.78931165
1617,video9538.webm,0.8550839,0.77693135
1618,video9541.webm,0.83301896,0.75082856
1619,video9542.webm,0.8434587,0.763455
1620,video9543.webm,0.8390162,0.7585205
1621,video9544.webm,0.8467966,0.7665834
1622,video9545.webm,0.87503916,0.80133706
1623,video9546.webm,0.83499485,0.7526787
1624,video9547.webm,0.83301896,0.75082856
1625,video9548.webm,0.8438327,0.7646938
1626,video9549.webm,0.845908,0.7657692
1627,video9550.webm,0.83595896,0.7544276
1628,video9551.webm,0.88488555,0.81079507
1629,video9552.webm,0.849702,0.77083296
1630,video9553.webm,0.84433126,0.763985
1631,video9554.webm,0.849908,0.7704188
1632,video9555.webm,0.86993325,0.7942478
1633,video9556.webm,0.83301896,0.75082856
1634,video9557.webm,0.9152548,0.84616005
1635,video9558.webm,0.83828306,0.7568528
1636,video9559.webm,0.8708495,0.79427946
1637,video9560.webm,0.83418006,0.75236726
1638,video9561.webm,0.86368144,0.7863949
1639,video9562.webm,0.85682565,0.7783614
1640,video9564.webm,0.84894806,0.7696954
1641,video9565.webm,0.87199616,0.79632485
1642,video9566.webm,0.87064785,0.7941575
1643,video9567.webm,0.85502607,0.7767443
1644,video9568.webm,0.83301896,0.75082856
1645,video9571.webm,0.85948944,0.7826417
1646,video9572.webm,0.8499738,0.7715479
1647,video9573.webm,0.86277235,0.78598815
1648,video9574.webm,0.870036,0.7943479
1649,video9575.webm,0.8729451,0.7977439
1650,video9576.webm,0.8466165,0.766611
1651,video9577.webm,0.84736705,0.7681375
1652,video9582.webm,0.84755975,0.769199
1653,video9583.webm,0.8469785,0.7676556
1654,video9584.webm,0.83679765,0.75561124
1655,video9585.webm,0.8691704,0.79344434
1656,video9586.webm,0.8459358,0.76572573
1657,video9587.webm,0.83706784,0.755839
1658,video9588.webm,0.8603233,0.7828616
1659,video9589.webm,0.85094,0.7714903
1660,video9590.webm,0.8382487,0.75667477
1661,video9591.webm,0.8510498,0.7727129
1662,video9592.webm,0.8827466,0.810845
1663,video9593.webm,0.83858174,0.75820035
1664,video9595.webm,0.8670402,0.7903691
1665,video9596.webm,0.8791015,0.80416656
1666,video9598.webm,0.84648514,0.76751244
1667,video9599.webm,0.8459996,0.7669411
1668,video9600.webm,0.84039986,0.75995857
1669,video9601.webm,0.8693964,0.7941795
1670,video9602.webm,0.83808863,0.7567531
1671,video9604.webm,0.8495391,0.7696901
1672,video9605.webm,0.83671474,0.7551533
1673,video9606.webm,0.83320904,0.75101125
1674,video9607.webm,0.8475102,0.768158
1675,video9608.webm,0.8470006,0.76801735
1676,video9609.webm,0.83686167,0.7552691
1677,video9610.webm,0.8347999,0.7528815
1678,video9611.webm,0.8539516,0.77732867
1679,video9612.webm,0.8333698,0.75125843
1680,video9613.webm,0.85108274,0.77240604
1681,video9614.webm,0.84209484,0.76203686
1682,video9615.webm,0.8595215,0.78070766
1683,video9618.webm,0.8544428,0.7753078
1684,video9619.webm,0.845221,0.7659896
1685,video9620.webm,0.83593726,0.75469583
1686,video9621.webm,0.840255,0.76000303
1687,video9623.webm,0.8457176,0.7656766
1688,video9624.webm,0.83301896,0.75082856
1689,video9625.webm,0.89689285,0.82633746
1690,video9627.webm,0.88053375,0.8063742
1691,video9628.webm,0.86562616,0.7906355
1692,video9630.webm,0.83301896,0.75082856
1693,video9631.webm,0.8429508,0.7630767
1694,video9632.webm,0.8467806,0.7664293
1695,video9633.webm,0.85818106,0.7810115
1696,video9634.webm,0.8343166,0.75235397
1697,video9635.webm,0.8346859,0.75279135
1698,video9636.webm,0.83783025,0.75556815
1699,video9637.webm,0.89574724,0.8260455
1700,video9638.webm,0.8778915,0.80152005
1701,video9639.webm,0.84750134,0.7685766
1702,video9640.webm,0.85836273,0.77990574
1703,video9641.webm,0.85065526,0.77236855
1704,video9642.webm,0.8501114,0.77177906
1705,video9643.webm,0.8990332,0.82841104
1706,video9645.webm,0.8579527,0.77902776
1707,video9646.webm,0.84384924,0.76463544
1708,video9647.webm,0.8557203,0.7764651
1709,video9648.webm,0.83601433,0.75421
1710,video9649.webm,0.84211564,0.76200306
1711,video9650.webm,0.8441252,0.76323164
1712,video9651.webm,0.8458872,0.7672225
1713,video9652.webm,0.83809674,0.75648904
1714,video9653.webm,0.8533285,0.7759566
1715,video9654.webm,0.8632982,0.7877472
1716,video9655.webm,0.8644981,0.7891523
1717,video9656.webm,0.85261464,0.77244014
1718,video9657.webm,0.8449784,0.7649409
1719,video9658.webm,0.8510413,0.7732255
1720,video9659.webm,0.83407134,0.7522232
1721,video9660.webm,0.84755975,0.769199
1722,video9661.webm,0.8408788,0.76009613
1723,video9662.webm,0.8553107,0.776693
1724,video9663.webm,0.8377757,0.75617033
1725,video9665.webm,0.8358233,0.75441337
1726,video9667.webm,0.8491339,0.76956266
1727,video9668.webm,0.85594964,0.7772241
1728,video9670.webm,0.8695411,0.7929065
1729,video9671.webm,0.85119176,0.7723463
1730,video9672.webm,0.83558726,0.75382423
1731,video9673.webm,0.83384943,0.7518658
1732,video9674.webm,0.83301896,0.75082856
1733,video9675.webm,0.89060664,0.81803256
1734,video9676.webm,0.83778274,0.7571046
1735,video9677.webm,0.8585862,0.7772235
1736,video9679.webm,0.85855365,0.7801835
1737,video9680.webm,0.85081744,0.7719457
1738,video9681.webm,0.90683067,0.83696544
1739,video9683.webm,0.8641694,0.78793067
1740,video9684.webm,0.86294425,0.786631
1741,video9685.webm,0.8493033,0.771285
1742,video9686.webm,0.8336442,0.75157595
1743,video9687.webm,0.84868515,0.7690805
1744,video9688.webm,0.8551849,0.7766366
1745,video9689.webm,0.84254706,0.76210093
1746,video9690.webm,0.857892,0.78007656
1747,video9691.webm,0.8677512,0.7931386
1748,video9692.webm,0.85513914,0.7767235
1749,video9693.webm,0.84598666,0.76735044
1750,video9694.webm,0.8792453,0.80412424
1751,video9695.webm,0.85685086,0.78003997
1752,video9698.webm,0.86443925,0.788559
1753,video9699.webm,0.85729367,0.77833486
1754,video9701.webm,0.8476383,0.76794267
1755,video9702.webm,0.83846813,0.7579194
1756,video9703.webm,0.84797126,0.7684872
1757,video9704.webm,0.87972707,0.80449706
1758,video9705.webm,0.8857976,0.8139952
1759,video9706.webm,0.8575797,0.77903575
1760,video9707.webm,0.8732762,0.79845434
1761,video9708.webm,0.83942914,0.75887305
1762,video9709.webm,0.84516585,0.7644142
1763,video9710.webm,0.88520133,0.8124113
1764,video9711.webm,0.83301896,0.75082856
1765,video9712.webm,0.83301896,0.75082856
1766,video9714.webm,0.8373221,0.755965
1767,video9715.webm,0.8520844,0.7744318
1768,video9716.webm,0.8955125,0.8229079
1769,video9717.webm,0.86909115,0.7896448
1770,video9718.webm,0.8500754,0.77019686
1771,video9719.webm,0.84483993,0.76531464
1772,video9720.webm,0.83301896,0.75082856
1773,video9723.webm,0.852936,0.7746234
1774,video9725.webm,0.8407834,0.7600863
1775,video9729.webm,0.843957,0.76415
1776,video9730.webm,0.83703375,0.7552476
1777,video9731.webm,0.8387025,0.75707865
1778,video9732.webm,0.8517077,0.7726688
1779,video9733.webm,0.8436188,0.7637297
1780,video9736.webm,0.8726176,0.797542
1781,video9737.webm,0.86257917,0.7853548
1782,video9738.webm,0.8374746,0.7561464
1783,video9739.webm,0.8452921,0.7650132
1784,video9740.webm,0.8598688,0.7816475
1785,video9741.webm,0.83522993,0.7529429
1786,video9742.webm,0.8585862,0.7772235
1787,video9743.webm,0.8825424,0.81030095
1788,video9744.webm,0.83724195,0.7551885
1789,video9745.webm,0.84216297,0.7615866
1790,video9746.webm,0.846225,0.7673405
1791,video9747.webm,0.84256047,0.7615488
1792,video9748.webm,0.84075713,0.75933766
1793,video9749.webm,0.86483717,0.7861622
1794,video9751.webm,0.86221784,0.78561413
1795,video9752.webm,0.8748348,0.7999376
1796,video9753.webm,0.85143363,0.7726979
1797,video9754.webm,0.8351321,0.75359464
1798,video9755.webm,0.8379654,0.7568495
1799,video9756.webm,0.8348942,0.752791
1800,video9757.webm,0.84967726,0.76973623
1801,video9758.webm,0.8484574,0.76971793
1802,video9760.webm,0.8968529,0.82626426
1803,video9762.webm,0.89553404,0.8233401
1804,video9764.webm,0.8659962,0.78931165
1805,video9765.webm,0.8635012,0.78699887
1806,video9766.webm,0.87173676,0.79570174
1807,video9767.webm,0.8434838,0.7641438
1808,video9768.webm,0.8581995,0.781133
1809,video9769.webm,0.8623926,0.7842173
1810,video9771.webm,0.8447255,0.7632598
1811,video9772.webm,0.85102445,0.7723829
1812,video9773.webm,0.86870027,0.7925399
1813,video9776.webm,0.85377747,0.77570444
1814,video9778.webm,0.8627535,0.7873918
1815,video9779.webm,0.83612794,0.7546825
1816,video9780.webm,0.8346985,0.7530193
1817,video9781.webm,0.8872578,0.81382555
1818,video9782.webm,0.85176504,0.7723796
1819,video9783.webm,0.8577206,0.78026694
1820,video9785.webm,0.83301896,0.75082856
1821,video9786.webm,0.83738357,0.75608814
1822,video9787.webm,0.89110416,0.8174044
1823,video9788.webm,0.85303766,0.77465737
1824,video9789.webm,0.8553804,0.7767727
1825,video9790.webm,0.8427114,0.76250315
1826,video9792.webm,0.8498656,0.77040076
1827,video9793.webm,0.8698954,0.79236305
1828,video9795.webm,0.83301896,0.75082856
1829,video9796.webm,0.8419962,0.7615309
1830,video9797.webm,0.87264544,0.79602087
1831,video9799.webm,0.85559744,0.7788971
1832,video9801.webm,0.84382653,0.7630638
1833,video9802.webm,0.86375135,0.7880498
1834,video9803.webm,0.8412265,0.7604794
1835,video9805.webm,0.83965003,0.75882524
1836,video9806.webm,0.8475731,0.76751065
1837,video9807.webm,0.83301896,0.75082856
1838,video9808.webm,0.8343541,0.75239736
1839,video9809.webm,0.857896,0.7801198
1840,video9810.webm,0.8628801,0.78574556
1841,video9812.webm,0.8392258,0.75804734
1842,video9813.webm,0.8425319,0.76190984
1843,video9815.webm,0.8567152,0.7779261
1844,video9816.webm,0.878977,0.80402327
1845,video9819.webm,0.8536463,0.7751174
1846,video9820.webm,0.84331226,0.7629269
1847,video9821.webm,0.8663951,0.79159486
1848,video9822.webm,0.87538046,0.8012357
1849,video9823.webm,0.8389419,0.7584668
1850,video9824.webm,0.8519965,0.77324134
1851,video9825.webm,0.84756947,0.7682466
1852,video9826.webm,0.8769624,0.80175346
1853,video9827.webm,0.8701747,0.7948025
1854,video9828.webm,0.86893266,0.7945146
1855,video9829.webm,0.8413844,0.76115954
1856,video9831.webm,0.8643024,0.78869534
1857,video9832.webm,0.8558265,0.7788674
1858,video9833.webm,0.83486944,0.75280714
1859,video9834.webm,0.87559444,0.8021919
1860,video9835.webm,0.8507535,0.7713364
1861,video9838.webm,0.8620373,0.78613436
1862,video9839.webm,0.840341,0.7601382
1863,video9840.webm,0.8336081,0.75153416
1864,video9842.webm,0.8358218,0.75386703
1865,video9843.webm,0.83301896,0.75082856
1866,video9844.webm,0.857898,0.77812564
1867,video9845.webm,0.84488595,0.7653617
1868,video9846.webm,0.84647053,0.76689535
1869,video9847.webm,0.83301896,0.75082856
1870,video9848.webm,0.83706784,0.755839
1871,video9849.webm,0.8572699,0.77909464
1872,video9850.webm,0.8433229,0.76216584
1873,video9851.webm,0.87178546,0.7970408
1874,video9852.webm,0.8590318,0.7823763
1875,video9853.webm,0.8411233,0.76046336
1876,video9854.webm,0.84364223,0.7638742
1877,video9855.webm,0.8419472,0.7622884
1878,video9856.webm,0.8675256,0.78945076
1879,video9857.webm,0.88466215,0.8084543
1880,video9858.webm,0.84722,0.76808476
1881,video9859.webm,0.8403406,0.75907934
1882,video9860.webm,0.89055914,0.8182859
1883,video9861.webm,0.8479536,0.76882803
1884,video9862.webm,0.85127944,0.77271897
1885,video9864.webm,0.8468765,0.76698846
1886,video9870.webm,0.83736235,0.7555644
1887,video9871.webm,0.8342972,0.75252247
1888,video9872.webm,0.8360344,0.75482464
1889,video9873.webm,0.8684699,0.7900015
1890,video9874.webm,0.8679508,0.79254866
1891,video9875.webm,0.8345331,0.7527494
1892,video9876.webm,0.8467143,0.7679575
1893,video9877.webm,0.87415093,0.80053747
1894,video9878.webm,0.8335184,0.7515043
1895,video9879.webm,0.8436672,0.76344275
1896,video9881.webm,0.83345354,0.75136405
1897,video9883.webm,0.841977,0.76182944
1898,video9884.webm,0.84812194,0.7697991
1899,video9885.webm,0.8715329,0.7970894
1900,video9888.webm,0.863699,0.7872335
1901,video9889.webm,0.8776669,0.80283934
1902,video9890.webm,0.8580985,0.7804233
1903,video9891.webm,0.83685595,0.7552355
1904,video9892.webm,0.87719357,0.8015103
1905,video9893.webm,0.88176864,0.80774206
1906,video9894.webm,0.8355187,0.7541409
1907,video9895.webm,0.84124684,0.7608401
1908,video9896.webm,0.8484076,0.7696287
1909,video9897.webm,0.9070301,0.83633375
1910,video9898.webm,0.8876087,0.81442326
1911,video9900.webm,0.83969855,0.75819844
1912,video9901.webm,0.8393399,0.75824463
1913,video9903.webm,0.85371625,0.7749731
1914,video9904.webm,0.88408107,0.81231636
1915,video9905.webm,0.8644213,0.78887856
1916,video9906.webm,0.8394455,0.75816923
1917,video9907.webm,0.8345307,0.752782
1918,video9908.webm,0.84756684,0.7674088
1919,video9909.webm,0.8764169,0.80175644
1920,video9913.webm,0.8419087,0.76049984
1921,video9914.webm,0.83389765,0.751673
1922,video9915.webm,0.84166265,0.759508
1923,video9917.webm,0.84767467,0.7663909
1924,video9918.webm,0.84151787,0.76091176
1925,video9920.webm,0.85192263,0.7738731
1926,video9923.webm,0.8416566,0.76122725
1927,video9925.webm,0.87985533,0.8047399
1928,video9926.webm,0.8850251,0.81161964
1929,video9927.webm,0.8817854,0.8057363
1930,video9928.webm,0.8429891,0.76283026
1931,video9929.webm,0.83301896,0.75082856
1932,video9930.webm,0.8544099,0.77717835
1933,video9931.webm,0.87594664,0.8008099
1934,video9932.webm,0.8713049,0.7950109
1935,video9935.webm,0.85074484,0.7715285
1936,video9936.webm,0.86175466,0.78524864
1937,video9938.webm,0.85203284,0.77274567
1938,video9939.webm,0.8679184,0.79181516
1939,video9940.webm,0.8395413,0.7587002
1940,video9942.webm,0.86193264,0.7811883
1941,video9943.webm,0.84059364,0.7604932
1942,video9944.webm,0.8348942,0.752791
1943,video9945.webm,0.8551787,0.7775697
1944,video9946.webm,0.8351445,0.75359184
1945,video9948.webm,0.8455567,0.7659681
1946,video9949.webm,0.8349893,0.7534435
1947,video9950.webm,0.89301693,0.81998444
1948,video9951.webm,0.8474048,0.76804084
1949,video9952.webm,0.8460272,0.7668036
1950,video9954.webm,0.86510265,0.7887015
1951,video9956.webm,0.83451664,0.75232476
1952,video9957.webm,0.85383517,0.7749264
1953,video9958.webm,0.84679556,0.7678451
1954,video9959.webm,0.84617686,0.765735
1955,video9960.webm,0.85682565,0.7783614
1956,video9961.webm,0.8469755,0.76587677
1957,video9963.webm,0.8356456,0.7533392
1958,video9964.webm,0.90089256,0.8274933
1959,video9965.webm,0.86866593,0.7934886
1960,video9966.webm,0.8542263,0.776166
1961,video9967.webm,0.8513507,0.7734984
1962,video9968.webm,0.8659962,0.78931165
1963,video9969.webm,0.8406494,0.7603862
1964,video9970.webm,0.851502,0.7730326
1965,video9971.webm,0.86966336,0.7944629
1966,video9972.webm,0.86574936,0.78869134
1967,video9974.webm,0.83301896,0.75082856
1968,video9975.webm,0.8518863,0.7725853
1969,video9976.webm,0.84180844,0.7621208
1970,video9977.webm,0.8468269,0.7668479
1971,video9980.webm,0.84122837,0.7608617
1972,video9981.webm,0.8396071,0.7591578
1973,video9982.webm,0.83301896,0.75082856
1974,video9983.webm,0.89446306,0.8211223
1975,video9984.webm,0.86075306,0.7841476
1976,video9985.webm,0.8371258,0.7562709
1977,video9986.webm,0.84292233,0.7618734
1978,video9987.webm,0.83302927,0.7508419
1979,video9988.webm,0.86467147,0.78845364
1980,video9989.webm,0.8336747,0.75144607
1981,video9990.webm,0.8588163,0.7836149
1982,video9991.webm,0.8423533,0.76205695
1983,video9992.webm,0.86430734,0.7885671
1984,video9993.webm,0.85036385,0.7715256
1985,video9994.webm,0.8540759,0.77590513
1986,video9995.webm,0.83658725,0.75555724
1987,video9996.webm,0.8543003,0.7758471
1988,video9997.webm,0.8437055,0.7624845
1989,video9998.webm,0.83921844,0.7570392
1990,video9999.webm,0.84655035,0.76635677
1991,video10000.webm,0.84630555,0.7671541
1992,video10001.webm,0.8456749,0.76688945
1993,video10002.webm,0.857332,0.7798041
1994,video10003.webm,0.83550346,0.7538745
1995,video10004.webm,0.8762731,0.8018988
1996,video10005.webm,0.86135495,0.7835928
1997,video10006.webm,0.8427153,0.76166683
1998,video10007.webm,0.8736762,0.79751754
1999,video10008.webm,0.88597,0.81351596
